구별,위반일자,위반시간,위반장소,위반내용
덕진구,2023-02-28,14:15:00,덕진구 금암5길 34 앞 도로변 쓰레기적치장,간이보관기구(비닐봉지) 이용 폐기물 투기
덕진구,2023-02-28,17:10:00,덕진구 금상동 1276-7,간이보관기구(비닐봉지) 이용 폐기물 투기
덕진구,2023-02-27,18:15:00,덕진구 용정동 431-3,간이보관기구(비닐봉지) 이용 폐기물 투기
덕진구,2023-02-26,14:02:00,덕진구 인후동1가 산 4-26 방면 도로,휴대하고 있는 폐기물(담배꽁초 등) 투기
덕진구,2023-02-25,22:56:00,덕진구 상리4길 16,운반장비(차량 등) 이용 폐기물 투기
덕진구,2023-02-23,14:55:00,덕진구 금상동 1276-7,운반장비(차량 등) 이용 폐기물 투기
덕진구,2023-02-23,22:30:00,덕진구 금암5길 34 앞 도로변 쓰레기적치장,간이보관기구(비닐봉지) 이용 폐기물 투기
덕진구,2023-02-22,17:30:00,덕진구 금암2길 7 앞 도로변 쓰레기 적치장,간이보관기구(비닐봉지) 이용 폐기물 투기
완산구,2023-02-22,,완산구 중인1길 76 중인초 부근,간이보관기구(비닐봉지) 이용 폐기물 투기
완산구,2023-02-22,,완산구 삼천육교 부근,분리배출위반
완산구,2023-02-22,,완산구 중인1길 76 중인초 부근,운반장비(차량 등) 이용 폐기물 투기
덕진구,2023-02-21,,덕진구 인후동1가 967,휴대하고 있는 폐기물(담배꽁초 등) 투기
덕진구,2023-02-21,,덕진구 인후동1가 1007,휴대하고 있는 폐기물(담배꽁초 등) 투기
완산구,2023-02-21,,완산구 거마공원 주차장 부근,간이보관기구(비닐봉지) 이용 폐기물 투기
완산구,2023-02-21,,완산구 중인1길 76 중인초 부근,간이보관기구(비닐봉지) 이용 폐기물 투기
완산구,2023-02-21,,완산구 중인1길 76 중인초 부근,분리배출위반
덕진구,2023-02-20,18:50:00,덕진구 상리1길 34 울타리 인도변 쓰레기적치장,간이보관기구(비닐봉지) 이용 폐기물 투기
완산구,2023-02-20,,완산구 거마공원 주차장 부근,분리배출위반
완산구,2023-02-20,,완산구 서신동 924-7 부근,쓰레기혼합배출
완산구,2023-02-20,,완산구 서신동 866 부근,휴대하고 있는 폐기물(담배꽁초 등) 투기
완산구,2023-02-20,,완산구 삼천동1가 709 부근,휴대하고 있는 폐기물(담배꽁초 등) 투기
완산구,2023-02-18,,완산구 효자동3가 1830 부근,휴대하고 있는 폐기물(담배꽁초 등) 투기
덕진구,2023-02-17,14:20:00,덕진구 금암2길 7 앞 도로변 쓰레기 적치장,간이보관기구(비닐봉지) 이용 폐기물 투기
완산구,2023-02-17,,완산구 안행2길 11 부근,쓰레기혼합배출
완산구,2023-02-17,,완산구 백제대로 33 부근,휴대하고 있는 폐기물(담배꽁초 등) 투기
완산구,2023-02-16,,완산구 서신동 1003-2 부근,휴대하고 있는 폐기물(담배꽁초 등) 투기
덕진구,2023-02-15,14:59:00,덕진구 우아동2가 964,휴대하고 있는 폐기물(담배꽁초 등) 투기
덕진구,2023-02-15,17:15:00,덕진구 건지4길 10 앞 도로,간이보관기구(비닐봉지) 이용 폐기물 투기
덕진구,2023-02-15,17:38:00,덕진구 건지4길 10 앞 도로,간이보관기구(비닐봉지) 이용 폐기물 투기
덕진구,2023-02-15,,덕진구 송천동2가 190-11,간이보관기구(비닐봉지) 이용 폐기물 투기
완산구,2023-02-15,,완산구 신봉1길 14 부근,간이보관기구(비닐봉지) 이용 폐기물 투기
완산구,2023-02-15,,완산구 중화산동2가 715 부근,간이보관기구(비닐봉지) 이용 폐기물 투기
완산구,2023-02-15,,완산구 중인1길 193 부근,간이보관기구(비닐봉지) 이용 폐기물 투기
완산구,2023-02-15,,완산구 메너머2길 29-14 부근,분리배출위반
완산구,2023-02-15,,완산구 인정공원 부근,분리배출위반
덕진구,2023-02-14,14:20:00,덕진구 금암4길 14-10 앞 도로변 쓰레기적치장,간이보관기구(비닐봉지) 이용 폐기물 투기
완산구,2023-02-14,,완산구 중인1길 76 중인초 부근,분리배출위반
완산구,2023-02-14,,완산구 중인1길 193 부근,분리배출위반
완산구,2023-02-14,,완산구 중인1길 76 중인초 부근,분리배출위반
덕진구,2023-02-13,07:57:00,덕진구 만성동 141-17 앞 도로,휴대하고 있는 폐기물(담배꽁초 등) 투기
완산구,2023-02-13,,완산구 고사평5길 24-10 부근,간이보관기구(비닐봉지) 이용 폐기물 투기
완산구,2023-02-13,,완산구 전주천서로 181 부근,분리배출위반
완산구,2023-02-11,,완산구 효자동1가 531 부근,휴대하고 있는 폐기물(담배꽁초 등) 투기
완산구,2023-02-11,,완산구 서신동 878 부근,휴대하고 있는 폐기물(담배꽁초 등) 투기
완산구,2023-02-09,,완산구 거마공원 주차장 부근,간이보관기구(비닐봉지) 이용 폐기물 투기
완산구,2023-02-09,,완산구 중화산동2가 577 부근,간이보관기구(비닐봉지) 이용 폐기물 투기
완산구,2023-02-09,,완산구 인정공원 앞 부근,분리배출위반
완산구,2023-02-09,,완산구 관선2길 24-3 부근,쓰레기혼합배출
완산구,2023-02-09,,완산구 인정공원 입구 앞 부근,운반장비(차량 등) 이용 폐기물 투기
완산구,2023-02-08,,완산구 거마공원 주차장 부근,운반장비(차량 등) 이용 폐기물 투기
완산구,2023-02-08,,완산구 서서학동 194-2 부근,휴대하고 있는 폐기물(담배꽁초 등) 투기
덕진구,2023-02-07,20:10:00,덕진구 금암4길 14-10 앞 도로변 쓰레기적치장,간이보관기구(비닐봉지) 이용 폐기물 투기
덕진구,2023-02-07,21:10:00,덕진구 금암4길 14-10 앞 도로변 쓰레기적치장,간이보관기구(비닐봉지) 이용 폐기물 투기
덕진구,2023-02-07,21:45:00,덕진구 금암4길 14-10 앞 도로변 쓰레기적치장,간이보관기구(비닐봉지) 이용 폐기물 투기
덕진구,2023-02-07,22:10:00,덕진구 금암4길 14-10 앞 도로변 쓰레기적치장,휴대하고 있는 폐기물(담배꽁초 등) 투기
완산구,2023-02-07,,완산구 구이로 1868 부근,간이보관기구(비닐봉지) 이용 폐기물 투기
완산구,2023-02-07,,완산구 충경로 18-3 부근,간이보관기구(비닐봉지) 이용 폐기물 투기
완산구,2023-02-07,,완산구 용머리로 174 부근,간이보관기구(비닐봉지) 이용 폐기물 투기
완산구,2023-02-07,,완산구 석구길 13 부근,운반장비(차량 등) 이용 폐기물 투기
덕진구,2023-02-06,08:44:00,덕진구 여의동 852 도로,휴대하고 있는 폐기물(담배꽁초 등) 투기
덕진구,2023-02-06,15:00:00,덕진구 신성길 90-64,생활폐기물 소각
덕진구,2023-02-06,17:10:00,덕진구 진북동 363-24,간이보관기구(비닐봉지) 이용 폐기물 투기
덕진구,2023-02-06,18:24:00,덕진구 팔복동2가 268-9,간이보관기구(비닐봉지) 이용 폐기물 투기
덕진구,2023-02-06,18:45:00,덕진구 금암6길 37 앞 도로변 쓰레기적치장,간이보관기구(비닐봉지) 이용 폐기물 투기
덕진구,2023-02-06,19:30:00,덕진구 팔복동2가 268-9,간이보관기구(비닐봉지) 이용 폐기물 투기
완산구,2023-02-06,,완산구 화산 네거리공원 부근,간이보관기구(비닐봉지) 이용 폐기물 투기
완산구,2023-02-06,,완산구 반태산2길 2 부근,운반장비(차량 등) 이용 폐기물 투기
덕진구,2023-02-05,11:00:00,덕진구 고랑동 609-51,휴대하고 있는 폐기물(담배꽁초 등) 투기
덕진구,2023-02-05,18:45:00,덕진구 고랑동 609-51,휴대하고 있는 폐기물(담배꽁초 등) 투기
완산구,2023-02-04,,완산구 솟대1길 17 부근,운반장비(차량 등) 이용 폐기물 투기
덕진구,2023-02-03,16:14:00,덕진구 금상동 1276-7,운반장비(차량 등) 이용 폐기물 투기
완산구,2023-02-03,,완산구 중화산동2가 587-1 부근,간이보관기구(비닐봉지) 이용 폐기물 투기
완산구,2023-02-03,,완산구 중인1길 193 부근,쓰레기혼합배출
완산구,2023-02-03,,완산구 평화동1가 750 부근 ,휴대하고 있는 폐기물(담배꽁초 등) 투기
완산구,2023-02-03,,완산구 중화산동2가 560 부근,휴대하고 있는 폐기물(담배꽁초 등) 투기
덕진구,2023-02-02,17:40:00,덕진구 권삼득로 211-29 옆 쓰레기적치장,간이보관기구(비닐봉지) 이용 폐기물 투기
덕진구,2023-02-01,17:30:00,덕진구 금암6길 37 앞 도로변 쓰레기적치장,간이보관기구(비닐봉지) 이용 폐기물 투기
덕진구,2023-02-01,18:00:00,덕진구 금암2길 7 앞 도로변 쓰레기 적치장,간이보관기구(비닐봉지) 이용 폐기물 투기
완산구,2023-02-01,,완산구 화산천변4길 12-3 부근,쓰레기혼합배출
완산구,2023-02-01,,완산구 중인1길 193 부근,휴대하고 있는 폐기물(담배꽁초 등) 투기
덕진구,2023-01-31,17:20:00,덕진구 금암5길 18 옆 도로변 쓰레기적치장,간이보관기구(비닐봉지) 이용 폐기물 투기
덕진구,2023-01-31,17:50:00,덕진구 신복5길 11-4,간이보관기구(비닐봉지) 이용 폐기물 투기
덕진구,2023-01-31,18:58:00,덕진구 상리4길 16,간이보관기구(비닐봉지) 이용 폐기물 투기
덕진구,2023-01-31,22:10:00,덕진구 용산2길 22,간이보관기구(비닐봉지) 이용 폐기물 투기
완산구,2023-01-31,,완산구 전주객사1길 79 부근,간이보관기구(비닐봉지) 이용 폐기물 투기
완산구,2023-01-31,,완산구 중화산동2가 782-8,간이보관기구(비닐봉지) 이용 폐기물 투기
완산구,2023-01-31,,완산구 평화16길 6 부근,간이보관기구(비닐봉지) 이용 폐기물 투기
덕진구,2023-01-30,14:00:00,덕진구 원동 산 6-20,간이보관기구(비닐봉지) 이용 폐기물 투기
덕진구,2023-01-30,18:30:00,덕진구 금암5길 18 옆 도로변 쓰레기적치장,간이보관기구(비닐봉지) 이용 폐기물 투기
완산구,2023-01-30,,완산구 마전들로 7 부근,간이보관기구(비닐봉지) 이용 폐기물 투기
덕진구,2023-01-29,17:13:00,덕진구 고랑동 609-51,휴대하고 있는 폐기물(담배꽁초 등) 투기
완산구,2023-01-29,,완산구 중산2길 13 부근,간이보관기구(비닐봉지) 이용 폐기물 투기
완산구,2023-01-29,,완산구 신촌3길 18 부근,간이보관기구(비닐봉지) 이용 폐기물 투기
완산구,2023-01-29,,완산구 중인1길 76 부근,간이보관기구(비닐봉지) 이용 폐기물 투기
완산구,2023-01-29,,완산구 신촌3길 18 부근,간이보관기구(비닐봉지) 이용 폐기물 투기
완산구,2023-01-29,,완산구 중인1길 76 부근,분리배출위반
덕진구,2023-01-28,15:00:00,덕진구 동부대로 930,휴대하고 있는 폐기물(담배꽁초 등) 투기
덕진구,2023-01-27,19:30:00,덕진구 금암1길 21 앞 도로변 쓰레기적치장,간이보관기구(비닐봉지) 이용 폐기물 투기
덕진구,2023-01-27,21:20:00,덕진구 금암1길 21 앞 도로변 쓰레기적치장,간이보관기구(비닐봉지) 이용 폐기물 투기
완산구,2023-01-27,,완산구 효자동2가 8 부근,간이보관기구(비닐봉지) 이용 폐기물 투기
덕진구,2023-01-26,22:30:00,덕진구 금암1길 21 앞 도로변,휴대하고 있는 폐기물(담배꽁초 등) 투기
덕진구,2023-01-26,22:50:00,덕진구 금암1길 21 앞 도로변 쓰레기적치장,간이보관기구(비닐봉지) 이용 폐기물 투기
완산구,2023-01-26,,완산구 중앙동1가 36-7 부근,간이보관기구(비닐봉지) 이용 폐기물 투기
완산구,2023-01-26,,완산구 충경로 18-3 부근,간이보관기구(비닐봉지) 이용 폐기물 투기
완산구,2023-01-26,,완산구 고사동 1-1 부근,휴대하고 있는 폐기물(담배꽁초 등) 투기
완산구,2023-01-26,,완산구 중앙동1가 36-7 부근,휴대하고 있는 폐기물(담배꽁초 등) 투기
덕진구,2023-01-25,18:10:00,덕진구 금암1길 25 앞 도로변 쓰레기적치장,간이보관기구(비닐봉지) 이용 폐기물 투기
완산구,2023-01-25,,완산구 중인1길 76 부근,간이보관기구(비닐봉지) 이용 폐기물 투기
완산구,2023-01-25,,완산구 중인1길 76 부근,간이보관기구(비닐봉지) 이용 폐기물 투기
완산구,2023-01-25,,완산구 효자로 2 부근,휴대하고 있는 폐기물(담배꽁초 등) 투기
덕진구,2023-01-23,01:15:00,덕진구 고랑동 609-51,휴대하고 있는 폐기물(담배꽁초 등) 투기
완산구,2023-01-23,,완산구 남노송동 100-1 부근,휴대하고 있는 폐기물(담배꽁초 등) 투기
덕진구,2023-01-22,14:20:00,덕진구 고랑동 609-43,휴대하고 있는 폐기물(담배꽁초 등) 투기
완산구,2023-01-20,,완산구 효자동1가 439-10 부근,휴대하고 있는 폐기물(담배꽁초 등) 투기
완산구,2023-01-19,,완산구 인정1길 3-3 부근,간이보관기구(비닐봉지) 이용 폐기물 투기
완산구,2023-01-19,,완산구 장승배기로 390 부근,쓰레기혼합배출
완산구,2023-01-19,,완산구 거마중앙로 72 부근,쓰레기혼합배출
덕진구,2023-01-18,17:40:00,덕진구 금암5길 24 옆 도로변 쓰레기적치장,간이보관기구(비닐봉지) 이용 폐기물 투기
덕진구,2023-01-18,17:50:00,덕진구 금암2길 17 앞 도로변 쓰레기적치장,간이보관기구(비닐봉지) 이용 폐기물 투기
덕진구,2023-01-18,19:40:00,덕진구 석소2길 14-5,간이보관기구(비닐봉지) 이용 폐기물 투기
덕진구,2023-01-18,21:03:00,덕진구 금암5길 18 옆 도로변 쓰레기적치장,간이보관기구(비닐봉지) 이용 폐기물 투기
덕진구,2023-01-18,22:29:00,덕진구 석소2길 14-5,간이보관기구(비닐봉지) 이용 폐기물 투기
완산구,2023-01-18,,완산구 중인1길 76 부근,간이보관기구(비닐봉지) 이용 폐기물 투기
완산구,2023-01-18,,완산구 중앙동1가 36-7 부근,간이보관기구(비닐봉지) 이용 폐기물 투기
덕진구,2023-01-17,17:55:00,덕진구 금암2길 7 앞 도로변 쓰레기 적치장,간이보관기구(비닐봉지) 이용 폐기물 투기
덕진구,2023-01-17,18:14:00,덕진구 금암2길 7 앞 도로변 쓰레기 적치장,간이보관기구(비닐봉지) 이용 폐기물 투기
덕진구,2023-01-17,21:05:00,덕진구 금암5길 18 옆 도로변 쓰레기적치장,간이보관기구(비닐봉지) 이용 폐기물 투기
덕진구,2023-01-17,,덕진구 건지4길 10,간이보관기구(비닐봉지) 이용 폐기물 투기
완산구,2023-01-17,,완산구 중화산동2가 586 부근,간이보관기구(비닐봉지) 이용 폐기물 투기
완산구,2023-01-17,,완산구 중인1길 76 부근,간이보관기구(비닐봉지) 이용 폐기물 투기
덕진구,2023-01-16,18:05:00,덕진구 금암5길 18 옆 도로변 쓰레기적치장,간이보관기구(비닐봉지) 이용 폐기물 투기
덕진구,2023-01-16,,덕진구 건지4길 10 앞 도로,간이보관기구(비닐봉지) 이용 폐기물 투기
덕진구,2023-01-16,,덕진구 건지4길 10,간이보관기구(비닐봉지) 이용 폐기물 투기
덕진구,2023-01-16,,덕진구 건지4길 10 앞 도로,간이보관기구(비닐봉지) 이용 폐기물 투기
완산구,2023-01-16,,완산구 중인1길 76 부근,간이보관기구(비닐봉지) 이용 폐기물 투기
완산구,2023-01-16,,완산구 서신동 846-13 부근,쓰레기혼합배출
완산구,2023-01-15,,완산구 중인1길 76 부근,간이보관기구(비닐봉지) 이용 폐기물 투기
완산구,2023-01-14,,완산구 평화동 꽃밭정이 사거리,휴대하고 있는 폐기물(담배꽁초 등) 투기
덕진구,2023-01-13,20:45:00,덕진구 금암1길 21 앞 도로변 쓰레기적치장,간이보관기구(비닐봉지) 이용 폐기물 투기
덕진구,2023-01-13,21:23:00,덕진구 금암1길 21 앞 도로변 쓰레기적치장,휴대하고 있는 폐기물(담배꽁초 등) 투기
덕진구,2023-01-13,22:10:00,덕진구 금암1길 21 앞 도로변 쓰레기적치장,간이보관기구(비닐봉지) 이용 폐기물 투기
덕진구,2023-01-13,22:10:00,덕진구 건지4길 10,간이보관기구(비닐봉지) 이용 폐기물 투기
덕진구,2023-01-13,22:10:00,덕진구 건지4길 10,간이보관기구(비닐봉지) 이용 폐기물 투기
덕진구,2023-01-13,22:25:00,덕진구 금암1길 30 앞 도로변 쓰레기적치장,간이보관기구(비닐봉지) 이용 폐기물 투기
덕진구,2023-01-13,,덕진구 서가재미3길 14-6 앞 도로,간이보관기구(비닐봉지) 이용 폐기물 투기
완산구,2023-01-13,,완산구 전주천서로 181 부근,쓰레기혼합배출
완산구,2023-01-13,,완산구 전주천서로 181 부근,쓰레기혼합배출
완산구,2023-01-13,,완산구 용머리로 6 부근,운반장비(차량 등) 이용 폐기물 투기
덕진구,2023-01-12,19:30:00,덕진구 금암6길 37 앞 도로변 쓰레기적치장,간이보관기구(비닐봉지) 이용 폐기물 투기
덕진구,2023-01-12,20:00:00,덕진구 금암5길 18 옆 도로변 쓰레기적치장,간이보관기구(비닐봉지) 이용 폐기물 투기
덕진구,2023-01-12,,덕진구 가재미로 82,간이보관기구(비닐봉지) 이용 폐기물 투기
덕진구,2023-01-12,,덕진구 세병로 41 뚜레쥬르 앞 인도변,간이보관기구(비닐봉지) 이용 폐기물 투기
덕진구,2023-01-11,20:55:00,덕진구 금암1길 21 앞 도로변 쓰레기적치장,간이보관기구(비닐봉지) 이용 폐기물 투기
덕진구,2023-01-11,,덕진구 금암1길 21 앞 도로변 쓰레기적치장,간이보관기구(비닐봉지) 이용 폐기물 투기
덕진구,2023-01-11,,덕진구 금암5길 18 옆 도로변 쓰레기적치장,간이보관기구(비닐봉지) 이용 폐기물 투기
덕진구,2023-01-11,,덕진구 금암6길 37,간이보관기구(비닐봉지) 이용 폐기물 투기
덕진구,2023-01-11,,덕진구 쪽구름로 125(파리바게트) 앞,휴대하고 있는 폐기물(담배꽁초 등) 투기
완산구,2023-01-11,,완산구 거마공원 주차장 부근,쓰레기혼합배출
완산구,2023-01-11,,완산구 중화산로 106 부근,쓰레기혼합배출
완산구,2023-01-11,,완산구 효자동3가 1626-7 부근,쓰레기혼합배출
완산구,2023-01-11,,완산구 삼천동1가 659 부근,간이보관기구(비닐봉지) 이용 폐기물 투기
완산구,2023-01-11,,완산구 효자주공3단지 앞 안행로,휴대하고 있는 폐기물(담배꽁초 등) 투기
완산구,2023-01-11,,완산구 서신동 진북터널 부근,휴대하고 있는 폐기물(담배꽁초 등) 투기
덕진구,2023-01-10,,"덕진구 인교5길 16, 투투하우스 내부",운반장비(차량 등) 이용 폐기물 투기
덕진구,2023-01-10,,덕진구 금암1길 21 앞 도로변 쓰레기적치장,간이보관기구(비닐봉지) 이용 폐기물 투기
덕진구,2023-01-10,,덕진구 금암1길 21 앞 도로변 쓰레기적치장,간이보관기구(비닐봉지) 이용 폐기물 투기
덕진구,2023-01-10,,덕진구 권삼득로 211-29 옆 쓰레기적치장,간이보관기구(비닐봉지) 이용 폐기물 투기
덕진구,2023-01-10,,덕진구 금암1길 21 앞 도로변 쓰레기적치장,간이보관기구(비닐봉지) 이용 폐기물 투기
덕진구,2023-01-10,,덕진구 금암2길 17 앞 도로변 쓰레기적치장,간이보관기구(비닐봉지) 이용 폐기물 투기
덕진구,2023-01-10,,덕진구 금암1길 21 앞 쓰레기적치장,간이보관기구(비닐봉지) 이용 폐기물 투기
덕진구,2023-01-10,,덕진구 팔복동2가 828,간이보관기구(비닐봉지) 이용 폐기물 투기
덕진구,2023-01-09,,덕진구 금암6길 37 앞 도로변 쓰레기적치장,간이보관기구(비닐봉지) 이용 폐기물 투기
덕진구,2023-01-09,,덕진구 금암6길 37 앞 도로변 쓰레기적치장,간이보관기구(비닐봉지) 이용 폐기물 투기
덕진구,2023-01-09,,"덕진구 금암동 634-18, 전북대병원 주차장",휴대하고 있는 폐기물(담배꽁초 등) 투기
완산구,2023-01-09,,완산구 미진빌라 부근,간이보관기구(비닐봉지) 이용 폐기물 투기
완산구,2023-01-09,,완산구 중산6길 18 부근,쓰레기혼합배출
완산구,2023-01-09,,완산구 중앙시장 부근,휴대하고 있는 폐기물(담배꽁초 등) 투기
덕진구,2023-01-06,,덕진구 금암5길 24 옆 도로변 쓰레기적치장,간이보관기구(비닐봉지) 이용 폐기물 투기
덕진구,2023-01-06,,덕진구 금암4길 14-8 앞 도로변 쓰레기적치장,간이보관기구(비닐봉지) 이용 폐기물 투기
덕진구,2023-01-06,,덕진구 금암1길 28 앞 도로변 쓰레기적치장,간이보관기구(비닐봉지) 이용 폐기물 투기
완산구,2023-01-06,,완산구 새터로 117-2 부근,간이보관기구(비닐봉지) 이용 폐기물 투기
덕진구,2023-01-05,,덕진구 상리1길 34 인도변 쓰레기적치장,간이보관기구(비닐봉지) 이용 폐기물 투기
덕진구,2023-01-05,,덕진구 가재미로 86 도로변,간이보관기구(비닐봉지) 이용 폐기물 투기
덕진구,2023-01-05,,덕진구 동가재미1길 3 앞 공원(북가재미어린이공원),간이보관기구(비닐봉지) 이용 폐기물 투기
덕진구,2023-01-05,,덕진구 서가재미3길 18-2,간이보관기구(비닐봉지) 이용 폐기물 투기
덕진구,2023-01-05,,덕진구 해찬빌 옆 전주중학교 담장,간이보관기구(비닐봉지) 이용 폐기물 투기
덕진구,2023-01-05,,덕진구 팔복동 추천대교 진입 전,휴대하고 있는 폐기물(담배꽁초 등) 투기
완산구,2023-01-05,,완산구 새터로 117-2 부근,쓰레기혼합배출
덕진구,2023-01-04,,덕진구 금암1길 28 앞 도로변 쓰레기적치장,간이보관기구(비닐봉지) 이용 폐기물 투기
덕진구,2023-01-04,,덕진구 금암1길 21 앞 도로변 쓰레기적치장,간이보관기구(비닐봉지) 이용 폐기물 투기
덕진구,2023-01-04,,덕진구 금암1길 28 앞 도로변 쓰레기적치장,간이보관기구(비닐봉지) 이용 폐기물 투기
덕진구,2023-01-04,,덕진구 금암1길 21 앞 도로변 쓰레기적치장,간이보관기구(비닐봉지) 이용 폐기물 투기
덕진구,2023-01-04,,덕진구 금암6길 37 앞 도로변 쓰레기적치장,간이보관기구(비닐봉지) 이용 폐기물 투기
덕진구,2023-01-04,,"덕진구 장동 1096, 나무공인중개사 앞",간이보관기구(비닐봉지) 이용 폐기물 투기
덕진구,2023-01-04,,덕진구 중동 840,휴대하고 있는 폐기물(담배꽁초 등) 투기
덕진구,2023-01-04,,덕진구 진북동 434-175,휴대하고 있는 폐기물(담배꽁초 등) 투기
완산구,2023-01-04,,완산구 서신동 825-8,간이보관기구(비닐봉지) 이용 폐기물 투기
완산구,2023-01-04,,완산구 동서학동 952,간이보관기구(비닐봉지) 이용 폐기물 투기
완산구,2023-01-04,,완산구 삼천동1가 447-1,휴대하고 있는 폐기물(담배꽁초 등) 투기
덕진구,2023-01-03,,덕진구 건지4길 10,간이보관기구(비닐봉지) 이용 폐기물 투기
덕진구,2023-01-03,,덕진구 건지4길 10,간이보관기구(비닐봉지) 이용 폐기물 투기
덕진구,2023-01-03,,덕진구 금암1길 28 앞 도로변 쓰레기적치장,간이보관기구(비닐봉지) 이용 폐기물 투기
덕진구,2023-01-03,,덕진구 금암1길 28 앞 도로변 쓰레기적치장,간이보관기구(비닐봉지) 이용 폐기물 투기
덕진구,2023-01-03,,덕진구 금암1길 28 앞 도로변 쓰레기적치장,간이보관기구(비닐봉지) 이용 폐기물 투기
덕진구,2023-01-03,,덕진구 금암6길 37 앞 도로변 쓰레기적치장,간이보관기구(비닐봉지) 이용 폐기물 투기
완산구,2023-01-03,,완산구 전주객사1길 79 부근,쓰레기혼합배출
완산구,2023-01-03,,완산구 전주객사1길 79 부근,간이보관기구(비닐봉지) 이용 폐기물 투기
완산구,2023-01-03,,완산구 삼천동1가 709 부근,휴대하고 있는 폐기물(담배꽁초 등) 투기
덕진구,2023-01-02,,덕진구 건지4길 10,간이보관기구(비닐봉지) 이용 폐기물 투기
덕진구,2023-01-02,,덕진구 건지4길 10,간이보관기구(비닐봉지) 이용 폐기물 투기
덕진구,2023-01-02,,덕진구 건지4길 13-9 앞 도로변 쓰레기적치장,간이보관기구(비닐봉지) 이용 폐기물 투기
완산구,2023-01-02,,완산구 어은로 9 부근,쓰레기혼합배출
완산구,2023-01-02,,완산구 어은로 9 부근,간이보관기구(비닐봉지) 이용 폐기물 투기
완산구,2023-01-01,,완산구 평화동2가 821 부근,휴대하고 있는 폐기물(담배꽁초 등) 투기
완산구,2023-01-01,,완산구 평화동1가 406-3 부근,휴대하고 있는 폐기물(담배꽁초 등) 투기
완산구,2023-01-01,,완산구 효자동3가 1391 부근,휴대하고 있는 폐기물(담배꽁초 등) 투기
완산구,2023-01-01,,완산구 중화산동2가 선너머네거리,휴대하고 있는 폐기물(담배꽁초 등) 투기
덕진구,2022-12-31,,"전라북도 전주시 덕진구 송천동2가 159-27, 동부대로",휴대하고 있는 폐기물(담배꽁초 등) 투기
덕진구,2022-12-31,,"전라북도 전주시 덕진구 송천동2가 41-32, GS칼텍스 앞",휴대하고 있는 폐기물(담배꽁초 등) 투기
덕진구,2022-12-30,,"덕진구 팔복로 253, CU편의점 앞",운반장비(차량 등) 이용 폐기물 투기
완산구,2022-12-29,,완산구 서곡1길 24 부근,재활용혼합배출
완산구,2022-12-29,,완산구 서곡1길 25 부근,재활용혼합배출
완산구,2022-12-28,,완산구 중화산동 2가 662-5 부근,재활용혼합배출
완산구,2022-12-28,,완산구 중화산동 2가 662-5 부근,재활용혼합배출
완산구,2022-12-28,,완산구 중화산동 2가 662-5 부근,간이보관기구(비닐봉지) 이용 폐기물 투기
완산구,2022-12-28,,완산구 용리로 16 부근,간이보관기구(비닐봉지) 이용 폐기물 투기
완산구,2022-12-27,,완산구 새터로 117-2 부근,음식물혼합배출
완산구,2022-12-27,,완산구 새터로 117-2 부근,간이보관기구(비닐봉지) 이용 폐기물 투기
완산구,2022-12-27,,완산구 삼천 거마공원 주차장 부근,휴대하고 있는 폐기물(담배꽁초 등) 투기
덕진구,2022-12-26,,덕진구 덕진동2가 670-1,간이보관기구(비닐봉지) 이용 폐기물 투기
완산구,2022-12-26,,삼천 거마공원 주차장 부근,재활용혼합배출
완산구,2022-12-26,,완산구 삼천도서관 앞 부근,간이보관기구(비닐봉지) 이용 폐기물 투기
덕진구,2022-12-25,,덕진구 인후동2가 237-3,휴대하고 있는 폐기물(담배꽁초 등) 투기
덕진구,2022-12-23,,덕진구 우아네거리-전주역 방면 동부대로,휴대하고 있는 폐기물(담배꽁초 등) 투기
완산구,2022-12-21,,완산구 범안2길 24 부근,간이보관기구(비닐봉지) 이용 폐기물 투기
완산구,2022-12-21,,완산구 중화산동2가 485-131,음식물혼합배출
완산구,2022-12-20,,완산구 효자동1가 690-5 은빛공원,간이보관기구(비닐봉지) 이용 폐기물 투기
완산구,2022-12-19,,완산구 효자동2가 1301,간이보관기구(비닐봉지) 이용 폐기물 투기
완산구,2022-12-19,,완산구 선너머2길 34,간이보관기구(비닐봉지) 이용 폐기물 투기
완산구,2022-12-17,,완산구 효자동3가 1604-12,간이보관기구(비닐봉지) 이용 폐기물 투기
완산구,2022-12-16,,완산구 중인1길 76 중인초,운반장비(차량 등) 이용 폐기물 투기
완산구,2022-12-16,,완산구 중인1길 76 중인초,휴대하고 있는 폐기물(담배꽁초 등) 투기
덕진구,2022-12-15,,"전라북도 전주시 덕진구 동부대로 575, 우정신세계아파트",운반장비(차량 등) 이용 폐기물 투기
덕진구,2022-12-15,,전라북도 전주시 덕진구 덕진광장 공영주차장 옆 화장실,간이보관기구(비닐봉지) 이용 폐기물 투기
덕진구,2022-12-15,,"덕진구 만성동 140(정여립로 988)(차량번호 안보임, 확인 요)",휴대하고 있는 폐기물(담배꽁초 등) 투기
덕진구,2022-12-14,,덕진구 팔복동1가 308-3(영상 안보여서 확인해야함),휴대하고 있는 폐기물(담배꽁초 등) 투기
완산구,2022-12-14,,완산구 서신동 942-11,간이보관기구(비닐봉지) 이용 폐기물 투기
완산구,2022-12-14,,완산구 관선2길 24-3,간이보관기구(비닐봉지) 이용 폐기물 투기
완산구,2022-12-13,,완산구 쑥고개옛길 129 부근,운반장비(차량 등) 이용 폐기물 투기
완산구,2022-12-13,,완산구 쑥고개옛길 129 부근,재활용혼합배출
완산구,2022-12-13,,완산구 중인1길 76 중인초,재활용혼합배출
완산구,2022-12-12,,완산구 전주천서로 69(그리고 오늘),간이보관기구(비닐봉지) 이용 폐기물 투기
완산구,2022-12-12,,완산구 중화산동2가 560,휴대하고 있는 폐기물(담배꽁초 등) 투기
덕진구,2022-12-11,15:00:00,덕진구 석소로 9-3 용담호 건강원 앞,간이보관기구(비닐봉지) 이용 폐기물 투기
완산구,2022-12-11,,완산구 효자동3가 1779,휴대하고 있는 폐기물(담배꽁초 등) 투기
완산구,2022-12-09,,완산구 효자로 295(고기85 정육식당),쓰레기혼합배출
완산구,2022-12-08,,완산구 평화동1가 750 부근,휴대하고 있는 폐기물(담배꽁초 등) 투기
덕진구,2022-12-07,,"덕진구 중동 838-1, 한국농수산대학 부근",휴대하고 있는 폐기물(담배꽁초 등) 투기
완산구,2022-12-07,,완산구 쑥고개옛길 129 부근,운반장비(차량 등) 이용 폐기물 투기
덕진구,2022-12-06,,덕진구 장동 611-6(동방광고기획 옆),간이보관기구(비닐봉지) 이용 폐기물 투기
덕진구,2022-12-06,,덕진구 혁신도시 농수산대학앞 도로,휴대하고 있는 폐기물(담배꽁초 등) 투기
완산구,2022-12-06,,완산구 쑥고개옛길 129 부근,운반장비(차량 등) 이용 폐기물 투기
완산구,2022-12-06,,우성삼천2차아파트 내,운반장비(차량 등) 이용 폐기물 투기
완산구,2022-12-06,,완산구 쑥고개옛길 129 부근,운반장비(차량 등) 이용 폐기물 투기
완산구,2022-12-06,,완산구 선너머3길 14-7,음식물혼합배출
완산구,2022-12-06,,완산구 효자동2가 1267,휴대하고 있는 폐기물(담배꽁초 등) 투기
덕진구,2022-12-04,,덕진구 덕진동2가 638-1(타이어뱅크 전주점 앞),휴대하고 있는 폐기물(담배꽁초 등) 투기
완산구,2022-12-04,,완산구 쑥고개옛길 129 부근,운반장비(차량 등) 이용 폐기물 투기
완산구,2022-12-04,,완산구 쑥고개옛길 129 부근,운반장비(차량 등) 이용 폐기물 투기
덕진구,2022-12-02,,덕진구 금암동 667-5,휴대하고 있는 폐기물(담배꽁초 등) 투기
완산구,2022-12-02,,완산구 선너머2길 34 부근,음식물혼합배출
완산구,2022-11-30,,완산구 신촌1길 8-2,음식물혼합배출
완산구,2022-11-30,,완산구 거마공원 주차장 부근,간이보관기구(비닐봉지) 이용 폐기물 투기
덕진구,2022-11-29,,"전라북도 전주시 덕진구 쪽구름로 123, 남양반월타운 ",간이보관기구(비닐봉지) 이용 폐기물 투기
완산구,2022-11-29,,완산구 거마공원 주차장 부근,간이보관기구(비닐봉지) 이용 폐기물 투기
덕진구,2022-11-28,,덕진구 인후동1가 939-9,운반장비(차량 등) 이용 폐기물 투기
덕진구,2022-11-28,,덕진구 우아동3가(대자인병원 - 홈플러스 방향),휴대하고 있는 폐기물(담배꽁초 등) 투기
덕진구,2022-11-27,,전라북도 전주시 덕진구 만성로 180 만성에코르2단지,간이보관기구(비닐봉지) 이용 폐기물 투기
덕진구,2022-11-25,,덕진구 상리1길34 ((구) 중소기업청 옆),사업활동 발생 폐기물 소각
덕진구,2022-11-25,,덕진구 상리1길34 ((구) 중소기업청 옆),운반장비(차량 등) 이용 폐기물 투기
덕진구,2022-11-25,,덕진구 동부대로 호성파출소 인근,휴대하고 있는 폐기물(담배꽁초 등) 투기
완산구,2022-11-25,,완산구 용리로 32 부근,쓰레기혼합배출
덕진구,2022-11-24,,덕진구 서가재미1길 6-3,간이보관기구(비닐봉지) 이용 폐기물 투기
덕진구,2022-11-24,,덕진구 서가재미1길 6-1,간이보관기구(비닐봉지) 이용 폐기물 투기
완산구,2022-11-24,,완산구 거마공원 주차장 부근,쓰레기혼합배출
완산구,2022-11-24,,완산구 거마공원 주차장 부근,음식물혼합배출
완산구,2022-11-24,,완산구 인정1길 3-6 부근,간이보관기구(비닐봉지) 이용 폐기물 투기
완산구,2022-11-24,,완산구 중화산로 100 부근,휴대하고 있는 폐기물(담배꽁초 등) 투기
완산구,2022-11-23,,완산구 관선4길 12,간이보관기구(비닐봉지) 이용 폐기물 투기
완산구,2022-11-23,,완산구 신촌1길 8-2,음식물혼합배출
완산구,2022-11-23,,완산구 서노송동 568-95,간이보관기구(비닐봉지) 이용 폐기물 투기
덕진구,2022-11-21,,덕진구 안덕원로 타이어뱅크 사거리,휴대하고 있는 폐기물(담배꽁초 등) 투기
완산구,2022-11-21,,완산구 평화동3가 889-1,휴대하고 있는 폐기물(담배꽁초 등) 투기
완산구,2022-11-21,,완산구 중화산동2가 545 부근,휴대하고 있는 폐기물(담배꽁초 등) 투기
덕진구,2022-11-19,,덕진구 송천동 777타이어 앞,휴대하고 있는 폐기물(담배꽁초 등) 투기
완산구,2022-11-19,,완산구 고사동 181,휴대하고 있는 폐기물(담배꽁초 등) 투기
덕진구,2022-11-18,,덕진구 거북바우로 146,간이보관기구(비닐봉지) 이용 폐기물 투기
덕진구,2022-11-18,,덕진구 거북바우로 146,간이보관기구(비닐봉지) 이용 폐기물 투기
덕진구,2022-11-18,,덕진구 거북바우로 146,간이보관기구(비닐봉지) 이용 폐기물 투기
덕진구,2022-11-17,,덕진구 고랑동 609-43,운반장비(차량 등) 이용 폐기물 투기
덕진구,2022-11-17,,덕진구 상리1길34 인도변((구) 중소기업청 옆),운반장비(차량 등) 이용 폐기물 투기
완산구,2022-11-17,,완산구 서원로 169 부근,휴대하고 있는 폐기물(담배꽁초 등) 투기
덕진구,2022-11-16,,덕진구 송천동2가 189-8,간이보관기구(비닐봉지) 이용 폐기물 투기
덕진구,2022-11-16,,덕진구 권삼득로 금암초교 담장 쓰레기 적치장,간이보관기구(비닐봉지) 이용 폐기물 투기
덕진구,2022-11-16,,덕진구 거북바우로 146,간이보관기구(비닐봉지) 이용 폐기물 투기
덕진구,2022-11-16,,덕진구 거북바우로 146,간이보관기구(비닐봉지) 이용 폐기물 투기
덕진구,2022-11-16,,덕진구 금암1길 21 도로변 쓰레기 적치장,간이보관기구(비닐봉지) 이용 폐기물 투기
덕진구,2022-11-16,,덕진구 거북바우로 146,간이보관기구(비닐봉지) 이용 폐기물 투기
덕진구,2022-11-16,,덕진구 거북바우로 146,간이보관기구(비닐봉지) 이용 폐기물 투기
덕진구,2022-11-16,,덕진구 송천동2가 1374(과학로-로마네시티 방향),휴대하고 있는 폐기물(담배꽁초 등) 투기
덕진구,2022-11-16,,덕진구 반월동 850-2(지하차도 옆 - 첨단산업단지 방향),휴대하고 있는 폐기물(담배꽁초 등) 투기
덕진구,2022-11-15,,덕진구 금상동 778(수곡마을 분리수거장),운반장비(차량 등) 이용 폐기물 투기
덕진구,2022-11-15,,덕진구 송천중앙로 125,간이보관기구(비닐봉지) 이용 폐기물 투기
덕진구,2022-11-15,,덕진구 인후동2가 1595,휴대하고 있는 폐기물(담배꽁초 등) 투기
완산구,2022-11-15,,완산구 쑥고개옛길 129 부근,운반장비(차량 등) 이용 폐기물 투기
덕진구,2022-11-14,,덕진구 팔복동2가7-7(가운데집 앞),휴대하고 있는 폐기물(담배꽁초 등) 투기
완산구,2022-11-14,,완산구 중화산동2가 560 부근,휴대하고 있는 폐기물(담배꽁초 등) 투기
완산구,2022-11-14,,완산구 효자동3가 1876 부근,휴대하고 있는 폐기물(담배꽁초 등) 투기
덕진구,2022-11-12,,덕진구 금암동 796(운동장네거리 부근),휴대하고 있는 폐기물(담배꽁초 등) 투기
완산구,2022-11-12,,전라북도 완주군,휴대하고 있는 폐기물(담배꽁초 등) 투기
덕진구,2022-11-11,,덕진구 금암6길 40 도로변 쓰레기 적치장,간이보관기구(비닐봉지) 이용 폐기물 투기
덕진구,2022-11-11,,덕진구 금암6길 40 도로변 쓰레기 적치장,간이보관기구(비닐봉지) 이용 폐기물 투기
덕진구,2022-11-11,,덕진구 진북동 997-30(어은교 부근),휴대하고 있는 폐기물(담배꽁초 등) 투기
덕진구,2022-11-11,,덕진구 송천동2가(농산물앞교차로 부근),휴대하고 있는 폐기물(담배꽁초 등) 투기
덕진구,2022-11-10,,덕진구 고랑동 609-43,대형폐기물 투기(50)
덕진구,2022-11-10,,덕진구 모래내6길 35,간이보관기구(비닐봉지) 이용 폐기물 투기
덕진구,2022-11-10,,덕진구 모래내6길 35,간이보관기구(비닐봉지) 이용 폐기물 투기
완산구,2022-11-10,,완산구 삼천천변2길 51,운반장비(차량 등) 이용 폐기물 투기
완산구,2022-11-10,,완산구 삼천천변2길 51,운반장비(차량 등) 이용 폐기물 투기
완산구,2022-11-10,,완산구 효자동1가 195-14,간이보관기구(비닐봉지) 이용 폐기물 투기
완산구,2022-11-10,,완산구 효자동2가 1349,휴대하고 있는 폐기물(담배꽁초 등) 투기
완산구,2022-11-10,,완산구 서원로 188 부근,휴대하고 있는 폐기물(담배꽁초 등) 투기
덕진구,2022-11-09,,덕진구 모래내6길 35,간이보관기구(비닐봉지) 이용 폐기물 투기
덕진구,2022-11-08,,덕진구 금암동 663(전북대 신정문 앞),휴대하고 있는 폐기물(담배꽁초 등) 투기
완산구,2022-11-08,,완산구 삼천육교 부근,혼합배출
덕진구,2022-11-07,,덕진구 전주종합경기장 사거리 백제대로 부근,휴대하고 있는 폐기물(담배꽁초 등) 투기
덕진구,2022-11-05,,덕진구 덕진동2가 6,간이보관기구(비닐봉지) 이용 폐기물 투기
완산구,2022-11-05,,완산구 삼천동1가 139-1,휴대하고 있는 폐기물(담배꽁초 등) 투기
덕진구,2022-11-04,,덕진구 동부대로 1091 부근,휴대하고 있는 폐기물(담배꽁초 등) 투기
완산구,2022-11-03,,완산구 송정로 19-16,음식물혼합배출
완산구,2022-11-03,,완산구 농소2길 1,간이보관기구(비닐봉지) 이용 폐기물 투기
완산구,2022-11-02,,완산구 효자동2가 93-5,운반장비(차량 등) 이용 폐기물 투기
완산구,2022-11-02,,완산구 송정로 19-16,음식물혼합배출
완산구,2022-11-02,,완산구 태평동 94-10,휴대하고 있는 폐기물(담배꽁초 등) 투기
완산구,2022-11-01,,완산구 삼천동1가 709,휴대하고 있는 폐기물(담배꽁초 등) 투기
완산구,2022-11-01,,완산구 삼천동1가 709,휴대하고 있는 폐기물(담배꽁초 등) 투기
완산구,2022-10-30,,완산구 삼천동1가 762,운반장비(차량 등) 이용 폐기물 투기
완산구,2022-10-30,,완산구 효자동3가 1562,휴대하고 있는 폐기물(담배꽁초 등) 투기
완산구,2022-10-28,,완산구 따박골로 46 부근,간이보관기구(비닐봉지) 이용 폐기물 투기
완산구,2022-10-26,,완산구 간납대1길 58 부근,간이보관기구(비닐봉지) 이용 폐기물 투기
완산구,2022-10-26,,완산구 간납대1길 36-1 부근,간이보관기구(비닐봉지) 이용 폐기물 투기
완산구,2022-10-26,,완산구 효자동3가 1710-4,휴대하고 있는 폐기물(담배꽁초 등) 투기
완산구,2022-10-25,18:00:00,완산구 서원로 267,휴대하고 있는 폐기물(담배꽁초 등) 투기
덕진구,2022-10-24,,"덕진구 동부대로 1188, 송천 메가박스 부근",휴대하고 있는 폐기물(담배꽁초 등) 투기
완산구,2022-10-24,,완산구 효자동1가 433-2,운반장비(차량 등) 이용 폐기물 투기
완산구,2022-10-22,,완산구 송정로 19-16,간이보관기구(비닐봉지) 이용 폐기물 투기
완산구,2022-10-21,,완산구 송정로 19-16,음식물혼합배출
완산구,2022-10-21,,완산구 효자동3가 1548,휴대하고 있는 폐기물(담배꽁초 등) 투기
덕진구,2022-10-20,,"덕진구 백제대로 566, 전북은행 본점 부근",휴대하고 있는 폐기물(담배꽁초 등) 투기
완산구,2022-10-20,,완산구 송정로 19-16,간이보관기구(비닐봉지) 이용 폐기물 투기
완산구,2022-10-20,,완산구 송정로 19-16,간이보관기구(비닐봉지) 이용 폐기물 투기
완산구,2022-10-20,,완산구 송정로 19-16,간이보관기구(비닐봉지) 이용 폐기물 투기
완산구,2022-10-20,,완산구 송정로 19-16,혼합배출
완산구,2022-10-19,,완산구 모악로 4655,휴대하고 있는 폐기물(담배꽁초 등) 투기
완산구,2022-10-19,,완산구 삼천동3가 494-12,휴대하고 있는 폐기물(담배꽁초 등) 투기
덕진구,2022-10-17,07:55:00,"덕진구 혁신로 718, 세움펠리피아2차 부근",휴대하고 있는 폐기물(담배꽁초 등) 투기
덕진구,2022-10-17,,"덕진구 동부대로 1145, 송천역사거리 부근",휴대하고 있는 폐기물(담배꽁초 등) 투기
덕진구,2022-10-17,,"덕진구 동부대로 1145, 송천역사거리 부근",휴대하고 있는 폐기물(담배꽁초 등) 투기
완산구,2022-10-17,,완산구 선너머3길 14 부근,간이보관기구(비닐봉지) 이용 폐기물 투기
완산구,2022-10-17,,완산구 선너머3길 14 부근,간이보관기구(비닐봉지) 이용 폐기물 투기
완산구,2022-10-17,,완산구 충경로 77,휴대하고 있는 폐기물(담배꽁초 등) 투기
덕진구,2022-10-15,16:33:00,"덕진구 백제대로 676, 전북대병원 입구 부근",휴대하고 있는 폐기물(담배꽁초 등) 투기
덕진구,2022-10-15,18:24:00,"덕진구 팔복동2가 800, 추천대교 부근",휴대하고 있는 폐기물(담배꽁초 등) 투기
완산구,2022-10-14,08:55:00,완산구 평화동3가 246-2 부근,운반장비(차량 등) 이용 폐기물 투기
완산구,2022-10-14,,완산구 전주천서로 181 부근,간이보관기구(비닐봉지) 이용 폐기물 투기
완산구,2022-10-14,,완산구 전주천서로 181 부근,간이보관기구(비닐봉지) 이용 폐기물 투기
완산구,2022-10-14,,완산구 전주천서로 181 부근,간이보관기구(비닐봉지) 이용 폐기물 투기
완산구,2022-10-13,19:47:00,완산구 서곡로 34,운반장비(차량 등) 이용 폐기물 투기
완산구,2022-10-13,19:47:00,완산구 서곡로 34,운반장비(차량 등) 이용 폐기물 투기
덕진구,2022-10-12,,"덕진구 건산로 193, 전자랜드 인후점 부근",휴대하고 있는 폐기물(담배꽁초 등) 투기
덕진구,2022-10-11,,"덕진구 백제대로 572, 전북대신정문 부근",휴대하고 있는 폐기물(담배꽁초 등) 투기
완산구,2022-10-08,16:25:00,완산구 중화산동2가 526-13,휴대하고 있는 폐기물(담배꽁초 등) 투기
덕진구,2022-10-08,,덕진구 여의동 1260-4 부근,휴대하고 있는 폐기물(담배꽁초 등) 투기
완산구,2022-10-07,16:40:00,완산구 삼천동3가 산 63-13,휴대하고 있는 폐기물(담배꽁초 등) 투기
덕진구,2022-10-07,18:10:00,"덕진구 동부대로 1563, 동산광장교차로 부근",휴대하고 있는 폐기물(담배꽁초 등) 투기
덕진구,2022-10-07,,덕진구 중동 838-1 부근,휴대하고 있는 폐기물(담배꽁초 등) 투기
덕진구,2022-10-06,,"덕진구 정여립로 988, 워시랜드혁신점 부근",휴대하고 있는 폐기물(담배꽁초 등) 투기
완산구,2022-10-05,15:07:00,완산구 효자동2가 1134-1,휴대하고 있는 폐기물(담배꽁초 등) 투기
완산구,2022-10-03,,완산구 신봉로 31 앞 인도,운반장비(차량 등) 이용 폐기물 투기
덕진구,2022-10-02,12:59:00,"덕진구 송천중앙로 9, 원광한방병원 부근",휴대하고 있는 폐기물(담배꽁초 등) 투기
덕진구,2022-10-02,18:41:00,"덕진구 아중로 109, 예우랑 아중점 부근",휴대하고 있는 폐기물(담배꽁초 등) 투기
덕진구,2022-10-01,,덕진구 상리4길 16 부근,운반장비(차량 등) 이용 폐기물 투기
완산구,2022-09-30,,완산구 효자동1가 649,휴대하고 있는 폐기물(담배꽁초 등) 투기
완산구,2022-09-28,11:52:00,완산구 전주천서로147 앞,휴대하고 있는 폐기물(담배꽁초 등) 투기
덕진구,2022-09-26,13:12:00,"덕진구 동부대로 1145, 송천역사거리 부근",휴대하고 있는 폐기물(담배꽁초 등) 투기
완산구,2022-09-26,17:38:00,삼천동3가 산176-7 부근,휴대하고 있는 폐기물(담배꽁초 등) 투기
완산구,2022-09-26,,완산구 평화동1가 760,간이보관기구(비닐봉지) 이용 폐기물 투기
완산구,2022-09-25,15:33:00,완산구 효자동3가 1554,휴대하고 있는 폐기물(담배꽁초 등) 투기
완산구,2022-09-24,11:12:00,완산구 천잠로 164 앞 도로,휴대하고 있는 폐기물(담배꽁초 등) 투기
덕진구,2022-09-24,16:58:00,"덕진구 백제대로 683, 전북대병원 부근",휴대하고 있는 폐기물(담배꽁초 등) 투기
완산구,2022-09-23,,완산구 관선5길3,운반장비(차량 등) 이용 폐기물 투기
완산구,2022-09-22,18:10:00,완산구 서신동 995-1,휴대하고 있는 폐기물(담배꽁초 등) 투기
완산구,2022-09-21,09:56:00,완산구 우전로 210,휴대하고 있는 폐기물(담배꽁초 등) 투기
덕진구,2022-09-21,13:47:00,"덕진구 온고을로 563, 전주발전사 부근",휴대하고 있는 폐기물(담배꽁초 등) 투기
덕진구,2022-09-21,,"덕진구 가련산로 99, 원광한방병원 부근",휴대하고 있는 폐기물(담배꽁초 등) 투기
덕진구,2022-09-20,17:56:00,"덕진구 동부대로 556, 안덕원지하차도 부근",휴대하고 있는 폐기물(담배꽁초 등) 투기
덕진구,2022-09-20,,"덕진구 백제대로 580, 전북은행본점 부근",휴대하고 있는 폐기물(담배꽁초 등) 투기
덕진구,2022-09-19,,"덕진구 세병로 111, 에코자이1차아파트 부근",휴대하고 있는 폐기물(담배꽁초 등) 투기
완산구,2022-09-18,,완산구 효자동2가 1172,휴대하고 있는 폐기물(담배꽁초 등) 투기
완산구,2022-09-17,,완산구 인봉남로 35-26,운반장비(차량 등) 이용 폐기물 투기
덕진구,2022-09-16,,덕진구 성덕동 173-49 부근,운반장비(차량 등) 이용 폐기물 투기
덕진구,2022-09-16,,덕진구 만성동 1240 부근,휴대하고 있는 폐기물(담배꽁초 등) 투기
덕진구,2022-09-16,,덕진구 중동 산 73-20 부근,휴대하고 있는 폐기물(담배꽁초 등) 투기
완산구,2022-09-16,,완산구 효자동2가 1267,휴대하고 있는 폐기물(담배꽁초 등) 투기
덕진구,2022-09-15,13:21:00,"덕진구 팔달로 363, 한교고시학원 부근",휴대하고 있는 폐기물(담배꽁초 등) 투기
완산구,2022-09-15,16:32:00,삼천동1가 768,휴대하고 있는 폐기물(담배꽁초 등) 투기
덕진구,2022-09-14,,덕진구 성덕동 173-49 부근,운반장비(차량 등) 이용 폐기물 투기
완산구,2022-09-13,14:03:00,완산구 거마평로 236,휴대하고 있는 폐기물(담배꽁초 등) 투기
덕진구,2022-09-13,,"덕진구 월방8길 25-8, 국민연금공단 부근",휴대하고 있는 폐기물(담배꽁초 등) 투기
덕진구,2022-09-12,,덕진구 신복천변로 21 부근,운반장비(차량 등) 이용 폐기물 투기
완산구,2022-09-09,19:16:00,완산구 삼천동1가 760,운반장비(차량 등) 이용 폐기물 투기
완산구,2022-09-09,,완산구 인봉남로 37,운반장비(차량 등) 이용 폐기물 투기
완산구,2022-09-09,,완산구 효자동2가 1196-9,휴대하고 있는 폐기물(담배꽁초 등) 투기
완산구,2022-09-08,13:41:00,완산구 효자동3가 1800,휴대하고 있는 폐기물(담배꽁초 등) 투기
완산구,2022-09-08,,완산구 서신동 756-5,휴대하고 있는 폐기물(담배꽁초 등) 투기
완산구,2022-09-08,,완산구 서신동 884,휴대하고 있는 폐기물(담배꽁초 등) 투기
완산구,2022-09-07,08:49:00,완산구 서신동 852-5,휴대하고 있는 폐기물(담배꽁초 등) 투기
덕진구,2022-09-07,,덕진구 신복천변로 21 부근,대형폐기물 투기(20)
완산구,2022-09-07,,완산구 평화동2가 180,휴대하고 있는 폐기물(담배꽁초 등) 투기
완산구,2022-09-07,,완산구 효자동2가 1134-1,휴대하고 있는 폐기물(담배꽁초 등) 투기
완산구,2022-09-05,,완산구 평화동2가 156-9,운반장비(차량 등) 이용 폐기물 투기
완산구,2022-09-05,,완산구 효자동2가 1267,휴대하고 있는 폐기물(담배꽁초 등) 투기
덕진구,2022-09-04,,덕진구 신복천변로 21 부근,운반장비(차량 등) 이용 폐기물 투기
완산구,2022-09-03,,중인1길193(모악산정 앞),운반장비(차량 등) 이용 폐기물 투기
완산구,2022-09-03,,중인1길193(모악산정 앞),간이보관기구(비닐봉지) 이용 폐기물 투기
덕진구,2022-09-01,12:19:00,"덕진구 백제대로 479, 전주종합경기장 부근",휴대하고 있는 폐기물(담배꽁초 등) 투기
완산구,2022-09-01,12:33:00,완산구 솟대로 24,운반장비(차량 등) 이용 폐기물 투기
덕진구,2022-08-31,,"덕진구 송천중앙로 146, 솔내고등학교 부근",휴대하고 있는 폐기물(담배꽁초 등) 투기
완산구,2022-08-31,,효자동1가 599-5,간이보관기구(비닐봉지) 이용 폐기물 투기
완산구,2022-08-31,,완산구 천잠로 361,휴대하고 있는 폐기물(담배꽁초 등) 투기
완산구,2022-08-31,,중화산동2가 560,휴대하고 있는 폐기물(담배꽁초 등) 투기
완산구,2022-08-30,,삼천천변2길 51 우성삼천2차아파트 내,운반장비(차량 등) 이용 폐기물 투기
완산구,2022-08-29,,완산구 효자동3가 1562,휴대하고 있는 폐기물(담배꽁초 등) 투기
완산구,2022-08-28,11:00:00,완산구 용복동 산 133-1,휴대하고 있는 폐기물(담배꽁초 등) 투기
완산구,2022-08-28,,완산구 평화동1가 750,휴대하고 있는 폐기물(담배꽁초 등) 투기
완산구,2022-08-27,15:39:00,완산구 평화로 118,휴대하고 있는 폐기물(담배꽁초 등) 투기
덕진구,2022-08-27,,"덕진구 송천3길 55, 송천벽산e리버파크",운반장비(차량 등) 이용 폐기물 투기
덕진구,2022-08-26,,"덕진구 부동길 4, 유성교회 부근",운반장비(차량 등) 이용 폐기물 투기
완산구,2022-08-26,,인봉2길26 부근,운반장비(차량 등) 이용 폐기물 투기
완산구,2022-08-26,,인봉2길 10-1 부근,운반장비(차량 등) 이용 폐기물 투기
완산구,2022-08-25,10:00:00,완산구 효자동3가 1894,휴대하고 있는 폐기물(담배꽁초 등) 투기
덕진구,2022-08-25,17:39:00,덕진구 여의동 1264-11 부근,휴대하고 있는 폐기물(담배꽁초 등) 투기
덕진구,2022-08-25,,덕진구 팔복동2가 803-1 부근,휴대하고 있는 폐기물(담배꽁초 등) 투기
완산구,2022-08-24,,완산구 삼천동1가 703-5,간이보관기구(비닐봉지) 이용 폐기물 투기
덕진구,2022-08-23,18:13:00,"덕진구 백제대로 479, 전주종합경기장 부근",휴대하고 있는 폐기물(담배꽁초 등) 투기
덕진구,2022-08-23,,"덕진구 장재길 6, 동성자동차학원 부근",운반장비(차량 등) 이용 폐기물 투기
덕진구,2022-08-23,,덕진구 전미월평1길 46 부근,간이보관기구(비닐봉지) 이용 폐기물 투기
덕진구,2022-08-23,,덕진구 팔복동2가 803-1 부근,휴대하고 있는 폐기물(담배꽁초 등) 투기
완산구,2022-08-23,,완산구 효자동1가 641,휴대하고 있는 폐기물(담배꽁초 등) 투기
완산구,2022-08-22,06:38:00,인봉북로 30-3 부근,운반장비(차량 등) 이용 폐기물 투기
덕진구,2022-08-22,,"덕진구 견훤로 497, 우아동 우성아파트",대형폐기물 투기(20)
덕진구,2022-08-22,,"덕진구 농생명로 310, 국립농업과학원 부근",휴대하고 있는 폐기물(담배꽁초 등) 투기
완산구,2022-08-22,,세내로39 부근,간이보관기구(비닐봉지) 이용 폐기물 투기
완산구,2022-08-22,,노송여울2길 36,간이보관기구(비닐봉지) 이용 폐기물 투기
덕진구,2022-08-21,,"덕진구 인후동2가 202-4, 모래내 주차장 부근",운반장비(차량 등) 이용 폐기물 투기
완산구,2022-08-20,21:09:00,중화산동1가 324-5,휴대하고 있는 폐기물(담배꽁초 등) 투기
덕진구,2022-08-20,,"덕진구 기린대로 421, 전북일보사 부근",휴대하고 있는 폐기물(담배꽁초 등) 투기
덕진구,2022-08-20,,"덕진구 정여립로 988, 워시랜드혁신점",휴대하고 있는 폐기물(담배꽁초 등) 투기
덕진구,2022-08-19,,"덕진구 정여립로 988, 워시랜드혁신점 부근",휴대하고 있는 폐기물(담배꽁초 등) 투기
완산구,2022-08-19,,"장승배기로 15 삼천주공4,5단지 아파트 내",운반장비(차량 등) 이용 폐기물 투기
완산구,2022-08-19,,평화동1가 750,휴대하고 있는 폐기물(담배꽁초 등) 투기
완산구,2022-08-18,11:00:00,중화산동2가 560 부근,휴대하고 있는 폐기물(담배꽁초 등) 투기
완산구,2022-08-18,,중화산동2가 585-8 부근,휴대하고 있는 폐기물(담배꽁초 등) 투기
완산구,2022-08-17,13:40:00,서신동 294-24 부근,휴대하고 있는 폐기물(담배꽁초 등) 투기
덕진구,2022-08-17,,덕진구 팔복동2가 294-2 부근,휴대하고 있는 폐기물(담배꽁초 등) 투기
완산구,2022-08-17,,완산구 삼천동1가 703-5,간이보관기구(비닐봉지) 이용 폐기물 투기
완산구,2022-08-17,,중화산동2가 676 부근,휴대하고 있는 폐기물(담배꽁초 등) 투기
완산구,2022-08-17,,온고을로 211 부근,휴대하고 있는 폐기물(담배꽁초 등) 투기
덕진구,2022-08-16,,"덕진구 정여립로 988, 워시랜드혁신점",휴대하고 있는 폐기물(담배꽁초 등) 투기
완산구,2022-08-16,,완산구 삼천동1가 703-5,간이보관기구(비닐봉지) 이용 폐기물 투기
완산구,2022-08-16,,평화동1가 758 부근,간이보관기구(비닐봉지) 이용 폐기물 투기
완산구,2022-08-13,19:12:00,중화산동2가 718-2 부근,휴대하고 있는 폐기물(담배꽁초 등) 투기
덕진구,2022-08-12,09:58:00,"덕진구 호성로 18-11, 우아중학교 부근",휴대하고 있는 폐기물(담배꽁초 등) 투기
완산구,2022-08-12,17:12:00,효자동3가 1548,휴대하고 있는 폐기물(담배꽁초 등) 투기
덕진구,2022-08-12,,"덕진구 솔내9길 7, 송천우림아파트",대형폐기물 투기(16)
완산구,2022-08-12,,오성은하아파트 내,운반장비(차량 등) 이용 폐기물 투기
완산구,2022-08-12,,오성은하아파트 내,운반장비(차량 등) 이용 폐기물 투기
완산구,2022-08-12,,서곡로 54-11 부근,간이보관기구(비닐봉지) 이용 폐기물 투기
완산구,2022-08-12,,효자동3가 1466-3 부근,간이보관기구(비닐봉지) 이용 폐기물 투기
완산구,2022-08-10,13:36:00,평화동1가 601-4 부근,휴대하고 있는 폐기물(담배꽁초 등) 투기
덕진구,2022-08-10,18:04:00,"덕진구 견훤로 515, 호성네거리 부근",휴대하고 있는 폐기물(담배꽁초 등) 투기
완산구,2022-08-10,18:54:00,서신동 760-37 부근,휴대하고 있는 폐기물(담배꽁초 등) 투기
덕진구,2022-08-10,,"덕진구 정여립로 988, 워시랜드혁신점",휴대하고 있는 폐기물(담배꽁초 등) 투기
완산구,2022-08-10,,완산구 삼천동1가 703-5,간이보관기구(비닐봉지) 이용 폐기물 투기
덕진구,2022-08-09,13:26:00,덕진구 전미동1가 208-12 부근,휴대하고 있는 폐기물(담배꽁초 등) 투기
덕진구,2022-08-09,,"덕진구 정여립로 988, 워시랜드혁신점",휴대하고 있는 폐기물(담배꽁초 등) 투기
완산구,2022-08-08,19:24:00,인봉북로 30-3 부근,운반장비(차량 등) 이용 폐기물 투기
덕진구,2022-08-08,,"덕진구 모래내6길 35, 전일중학교 부근",운반장비(차량 등) 이용 폐기물 투기
완산구,2022-08-07,10:53:00,서신동 884 부근,휴대하고 있는 폐기물(담배꽁초 등) 투기
완산구,2022-08-07,,인봉2길16 부근,운반장비(차량 등) 이용 폐기물 투기
완산구,2022-08-07,,인봉북로 30-3 부근,운반장비(차량 등) 이용 폐기물 투기
완산구,2022-08-05,18:22:00,인봉2길 27-49 부근,운반장비(차량 등) 이용 폐기물 투기
완산구,2022-08-05,,완산구 서신동 960-3 앞 도로,휴대하고 있는 폐기물(담배꽁초 등) 투기
덕진구,2022-08-04,,덕진구 가리내로 536 천일강변아파트 부근,휴대하고 있는 폐기물(담배꽁초 등) 투기
덕진구,2022-08-04,,덕진구 팔복동3가 411 부근,휴대하고 있는 폐기물(담배꽁초 등) 투기
완산구,2022-08-03,05:43:00,백제대로 42 부근,운반장비(차량 등) 이용 폐기물 투기
덕진구,2022-08-03,08:02:00,"덕진구 견훤로 336, 북일초등학교 부근",휴대하고 있는 폐기물(담배꽁초 등) 투기
덕진구,2022-08-03,,"덕진구 백제대로 563, 전북은행 본점 부근",휴대하고 있는 폐기물(담배꽁초 등) 투기
완산구,2022-08-03,,신촌2길 26-15 부근,간이보관기구(비닐봉지) 이용 폐기물 투기
완산구,2022-08-03,,서신동 987 부근,휴대하고 있는 폐기물(담배꽁초 등) 투기
완산구,2022-08-02,10:34:00,풍남동1가 13-4 부근,휴대하고 있는 폐기물(담배꽁초 등) 투기
완산구,2022-08-02,17:26:00,삼천동1가 327-4 부근,휴대하고 있는 폐기물(담배꽁초 등) 투기
덕진구,2022-08-02,,"덕진구 견훤로 368, 대자인병원 부근",휴대하고 있는 폐기물(담배꽁초 등) 투기
완산구,2022-08-01,09:39:00,인봉2길26 부근,운반장비(차량 등) 이용 폐기물 투기
완산구,2022-08-01,14:39:00,덕적골2길 22 평화주공1단지,운반장비(차량 등) 이용 폐기물 투기
덕진구,2022-08-01,,덕진구 송천동2가 461-1,쓰레기 무단투기
완산구,2022-08-01,,안터6길 9 부근,간이보관기구(비닐봉지) 이용 폐기물 투기
덕진구,2022-07-31,,"덕진구 혁신로 668, 여의영무예다음 부근",휴대하고 있는 폐기물(담배꽁초 등) 투기
덕진구,2022-07-31,,"덕진구 정여립로 988, 워시랜드혁신점",휴대하고 있는 폐기물(담배꽁초 등) 투기
덕진구,2022-07-29,07:50:00,"덕진구 기지로 221, LH퍼스트리움아파트 부근",휴대하고 있는 폐기물(담배꽁초 등) 투기
완산구,2022-07-29,16:05:00,평화8길 16-37 부근,휴대하고 있는 폐기물(담배꽁초 등) 투기
덕진구,2022-07-29,17:25:00,"덕진구 기린대로 418, 전북일보사 부근",휴대하고 있는 폐기물(담배꽁초 등) 투기
덕진구,2022-07-29,,"덕진구 권삼득로 277, 전북대 신정문 부근",휴대하고 있는 폐기물(담배꽁초 등) 투기
완산구,2022-07-28,16:34:00,효자동3가 1861 부근,휴대하고 있는 폐기물(담배꽁초 등) 투기
완산구,2022-07-27,,효자동1가 649 부근,휴대하고 있는 폐기물(담배꽁초 등) 투기
덕진구,2022-07-26,07:54:00,"덕진구 동부대로 764, 호성네거리 부근",휴대하고 있는 폐기물(담배꽁초 등) 투기
덕진구,2022-07-25,,덕진구 진북동 834-81,쓰레기 무단투기
덕진구,2022-07-25,,덕진구 덕진동1가 1401-38,쓰레기 무단투기
덕진구,2022-07-25,,덕진구 고랑동 1150 부근,휴대하고 있는 폐기물(담배꽁초 등) 투기
덕진구,2022-07-24,,덕진구 반룡로 151 부근,대형폐기물 투기(20)
완산구,2022-07-22,,평화동1가 760 부근,간이보관기구(비닐봉지) 이용 폐기물 투기
완산구,2022-07-22,,다가동3가 129 부근,휴대하고 있는 폐기물(담배꽁초 등) 투기
완산구,2022-07-21,08:05:00,서신동 957-8 부근,휴대하고 있는 폐기물(담배꽁초 등) 투기
완산구,2022-07-21,18:01:00,효자동2가 874-25 부근,휴대하고 있는 폐기물(담배꽁초 등) 투기
덕진구,2022-07-21,,"덕진구 기린대로 972, 여의동제일아파트 부근",휴대하고 있는 폐기물(담배꽁초 등) 투기
완산구,2022-07-20,17:03:00,효자동1가 518-62 부근,휴대하고 있는 폐기물(담배꽁초 등) 투기
덕진구,2022-07-20,18:04:00,"덕진구 기린대로 418, 전북일보사 부근",휴대하고 있는 폐기물(담배꽁초 등) 투기
덕진구,2022-07-20,,덕진구 추천1길 23 부근,간이보관기구(비닐봉지) 이용 폐기물 투기
덕진구,2022-07-19,,"덕진구 콩쥐팥쥐로 1515, 농수산대학 부근",휴대하고 있는 폐기물(담배꽁초 등) 투기
덕진구,2022-07-19,,덕진구 전주천동로 463 부근,휴대하고 있는 폐기물(담배꽁초 등) 투기
덕진구,2022-07-18,,덕진구 덕진동2가 670-1,쓰레기 무단투기
완산구,2022-07-18,,완산구 메너머3길 29-6 부근,간이보관기구(비닐봉지) 이용 폐기물 투기
완산구,2022-07-17,11:43:00,완산구 온고을로 62 부근,휴대하고 있는 폐기물(담배꽁초 등) 투기
덕진구,2022-07-17,13:55:00,"덕진구 온고을로 271, 덕진경찰서 부근",휴대하고 있는 폐기물(담배꽁초 등) 투기
완산구,2022-07-17,14:40:00,남노송동 771-3 부근,휴대하고 있는 폐기물(담배꽁초 등) 투기
완산구,2022-07-15,15:55:00,삼천동1가 760 부근,간이보관기구(비닐봉지) 이용 폐기물 투기
덕진구,2022-07-15,,덕진구 팔복로 220 부근,휴대하고 있는 폐기물(담배꽁초 등) 투기
완산구,2022-07-15,,완산구 삼천동1가 703-5,간이보관기구(비닐봉지) 이용 폐기물 투기
완산구,2022-07-15,,서신동 976 부근,휴대하고 있는 폐기물(담배꽁초 등) 투기
완산구,2022-07-14,12:22:00,동서학동 267-8 부근,휴대하고 있는 폐기물(담배꽁초 등) 투기
완산구,2022-07-14,16:56:00,완산구 용머리로 56 부근,휴대하고 있는 폐기물(담배꽁초 등) 투기
덕진구,2022-07-14,18:16:00,"덕진구 농생명로 300, 농촌진흥청 부근",휴대하고 있는 폐기물(담배꽁초 등) 투기
덕진구,2022-07-14,,덕진구 호성동3가 944-18 부근,휴대하고 있는 폐기물(담배꽁초 등) 투기
완산구,2022-07-14,,효자동2가 1124 부근,휴대하고 있는 폐기물(담배꽁초 등) 투기
덕진구,2022-07-13,17:53:00,덕진구 원동 173-6 부근,휴대하고 있는 폐기물(담배꽁초 등) 투기
덕진구,2022-07-13,18:15:00,"덕진구 정여립로 1108, JTV전주방송 부근",휴대하고 있는 폐기물(담배꽁초 등) 투기
완산구,2022-07-12,08:39:00,효자동1가 649 부근,휴대하고 있는 폐기물(담배꽁초 등) 투기
덕진구,2022-07-12,,"덕진구 편운로 54-68, 우신동산아파트",대형폐기물 투기(16)
덕진구,2022-07-12,,"덕진구 동부대로 680, 전주역 부근",휴대하고 있는 폐기물(담배꽁초 등) 투기
완산구,2022-07-12,,완산구 삼천동1가 703-5,간이보관기구(비닐봉지) 이용 폐기물 투기
완산구,2022-07-12,,효자동3가 1778 부근,휴대하고 있는 폐기물(담배꽁초 등) 투기
완산구,2022-07-11,10:10:00,용머리로 20 효자현대@,간이보관기구(비닐봉지) 이용 폐기물 투기
덕진구,2022-07-11,18:14:00,"덕진구 건산로 128, 인후육거리 부근",휴대하고 있는 폐기물(담배꽁초 등) 투기
덕진구,2022-07-11,18:28:00,"덕진구 동부대로 869, 호성동주민센터 부근",휴대하고 있는 폐기물(담배꽁초 등) 투기
덕진구,2022-07-11,,"덕진구 정여립로 988, 워시랜드혁신점",휴대하고 있는 폐기물(담배꽁초 등) 투기
덕진구,2022-07-09,11:03:00,"덕진구 송천중앙로 91, 롯데마트맥스 부근",휴대하고 있는 폐기물(담배꽁초 등) 투기
완산구,2022-07-09,12:26:00,신촌3길 18 부근,간이보관기구(비닐봉지) 이용 폐기물 투기
완산구,2022-07-08,11:42:00,서서학동 225-2 부근,휴대하고 있는 폐기물(담배꽁초 등) 투기
덕진구,2022-07-08,,"덕진구 정여립로 988, 워시랜드혁신점",휴대하고 있는 폐기물(담배꽁초 등) 투기
완산구,2022-07-07,10:21:00,서신동 산 13-4 부근,휴대하고 있는 폐기물(담배꽁초 등) 투기
덕진구,2022-07-07,,"덕진구 명륜4길 23, 전북대구정문 부근",간이보관기구(비닐봉지) 이용 폐기물 투기
덕진구,2022-07-07,,덕진구 금암3길 40 부근,간이보관기구(비닐봉지) 이용 폐기물 투기
덕진구,2022-07-07,,덕진구 건지4길 13-9 부근,간이보관기구(비닐봉지) 이용 폐기물 투기
완산구,2022-07-07,,봉곡2길 7-5 부근,간이보관기구(비닐봉지) 이용 폐기물 투기
덕진구,2022-07-06,18:13:00,"덕진구 온고을로 365, 만석화물자동차 부근",휴대하고 있는 폐기물(담배꽁초 등) 투기
완산구,2022-07-06,,선너머로 36-6 부근,간이보관기구(비닐봉지) 이용 폐기물 투기
완산구,2022-07-06,,선너머로 36-6 부근,간이보관기구(비닐봉지) 이용 폐기물 투기
완산구,2022-07-06,,선너머로 36-6 부근,간이보관기구(비닐봉지) 이용 폐기물 투기
완산구,2022-07-06,,신촌2길 26-15 부근,간이보관기구(비닐봉지) 이용 폐기물 투기
완산구,2022-07-06,,신촌2길 26-15 부근,간이보관기구(비닐봉지) 이용 폐기물 투기
완산구,2022-07-06,,효자동1가 649 부근,휴대하고 있는 폐기물(담배꽁초 등) 투기
완산구,2022-07-06,,효자동3가 1486 부근,휴대하고 있는 폐기물(담배꽁초 등) 투기
완산구,2022-07-05,07:25:00,완산구 봉곡3길 31-8 부근,간이보관기구(비닐봉지) 이용 폐기물 투기
덕진구,2022-07-05,07:30:00,"덕진구 과학로 65, 에코시티 세병공원 부근",휴대하고 있는 폐기물(담배꽁초 등) 투기
완산구,2022-07-05,18:38:00,효자동2가 1234-3 부근,휴대하고 있는 폐기물(담배꽁초 등) 투기
완산구,2022-07-05,19:01:00,효천천변길 24 부근,휴대하고 있는 폐기물(담배꽁초 등) 투기
완산구,2022-07-04,07:32:00,색장동 480-2 부근,휴대하고 있는 폐기물(담배꽁초 등) 투기
완산구,2022-07-04,07:33:00,효자동3가 1861 부근,휴대하고 있는 폐기물(담배꽁초 등) 투기
덕진구,2022-07-03,15:21:00,덕진구 조경단로 258 부근,휴대하고 있는 폐기물(담배꽁초 등) 투기
덕진구,2022-07-03,18:20:00,"덕진구 안덕원로 151, 모래내시장 부근",휴대하고 있는 폐기물(담배꽁초 등) 투기
덕진구,2022-07-03,18:20:00,"덕진구 안덕원로 151, 모래내시장 부근",휴대하고 있는 폐기물(담배꽁초 등) 투기
덕진구,2022-07-02,09:21:00,"덕진구 백제대로 771, 홈플러스 부근",휴대하고 있는 폐기물(담배꽁초 등) 투기
완산구,2022-07-01,11:23:00,완산구 전주천동로 296 부근,휴대하고 있는 폐기물(담배꽁초 등) 투기
완산구,2022-07-01,,중화산동2가 269-5 부근,휴대하고 있는 폐기물(담배꽁초 등) 투기
덕진구,2022-06-30,08:10:00,"덕진구 기린대로 1056, 호남제일문 부근",휴대하고 있는 폐기물(담배꽁초 등) 투기
완산구,2022-06-30,15:18:00,인봉3길 30-12 부근,간이보관기구(비닐봉지) 이용 폐기물 투기
완산구,2022-06-30,17:50:00,완산구 천잠로 303 전주대 부근,휴대하고 있는 폐기물(담배꽁초 등) 투기
완산구,2022-06-30,19:00:00,완산구 거마평로 162 부근,휴대하고 있는 폐기물(담배꽁초 등) 투기
완산구,2022-06-30,21:38:00,서신동 884 부근,휴대하고 있는 폐기물(담배꽁초 등) 투기
덕진구,2022-06-30,,덕진구 가재미4길 13 부근,간이보관기구(비닐봉지) 이용 폐기물 투기
덕진구,2022-06-30,,덕진구 들사평3길 7 부근,간이보관기구(비닐봉지) 이용 폐기물 투기
덕진구,2022-06-30,,덕진구 신복3길 15 부근,간이보관기구(비닐봉지) 이용 폐기물 투기
덕진구,2022-06-30,,덕진구 도당산로 38 부근,간이보관기구(비닐봉지) 이용 폐기물 투기
덕진구,2022-06-29,17:44:00,"덕진구 콩쥐팥쥐로 1515, 농수산대학 부근",휴대하고 있는 폐기물(담배꽁초 등) 투기
완산구,2022-06-29,,평화동1가 760 부근,간이보관기구(비닐봉지) 이용 폐기물 투기
완산구,2022-06-28,07:58:00,완산구 효자로 28-39 부근,휴대하고 있는 폐기물(담배꽁초 등) 투기
완산구,2022-06-28,08:51:00,효자동2가 1285 부근,휴대하고 있는 폐기물(담배꽁초 등) 투기
완산구,2022-06-28,09:51:00,효자동2가 1267 부근,휴대하고 있는 폐기물(담배꽁초 등) 투기
덕진구,2022-06-28,17:21:00,"덕진구 콩쥐팥쥐로 1515, 농수산대학 부근",휴대하고 있는 폐기물(담배꽁초 등) 투기
완산구,2022-06-28,17:56:00,삼천동2가 286-5 부근,휴대하고 있는 폐기물(담배꽁초 등) 투기
완산구,2022-06-27,08:15:00,완산구 천잠로 303 전주대 부근,휴대하고 있는 폐기물(담배꽁초 등) 투기
덕진구,2022-06-27,17:42:00,"덕진구 기린대로 592, 추천대교 부근",휴대하고 있는 폐기물(담배꽁초 등) 투기
덕진구,2022-06-27,,"덕진구 정언신로 70, 인후초등학교 부근",휴대하고 있는 폐기물(담배꽁초 등) 투기
덕진구,2022-06-25,17:18:00,"덕진구 과학로 1, 송천역네거리 부근",휴대하고 있는 폐기물(담배꽁초 등) 투기
덕진구,2022-06-24,10:13:00,"덕진구 추탄로 26, 하가제일오투그란데 부근",휴대하고 있는 폐기물(담배꽁초 등) 투기
완산구,2022-06-24,17:17:00,효자동2가 1123 부근,휴대하고 있는 폐기물(담배꽁초 등) 투기
덕진구,2022-06-24,18:12:00,"덕진구 온고을로 441, 지식산업센터 부근",휴대하고 있는 폐기물(담배꽁초 등) 투기
덕진구,2022-06-24,,"덕진구 정여립로 988, 워시랜드혁신점",휴대하고 있는 폐기물(담배꽁초 등) 투기
완산구,2022-06-24,,효자동3가 1781 부근,휴대하고 있는 폐기물(담배꽁초 등) 투기
완산구,2022-06-23,09:14:00,평화동2가 926 부근,휴대하고 있는 폐기물(담배꽁초 등) 투기
완산구,2022-06-22,,어은로 37-17 부근,간이보관기구(비닐봉지) 이용 폐기물 투기
완산구,2022-06-22,,어은로 37-17 부근,간이보관기구(비닐봉지) 이용 폐기물 투기
완산구,2022-06-22,,하거마2길 37 부근,간이보관기구(비닐봉지) 이용 폐기물 투기
완산구,2022-06-22,,효자동2가 1267 부근,휴대하고 있는 폐기물(담배꽁초 등) 투기
덕진구,2022-06-21,07:51:00,"덕진구 백제대로 484, 전주종합경기장 부근",휴대하고 있는 폐기물(담배꽁초 등) 투기
완산구,2022-06-21,12:16:00,중화산동2가 788 부근,휴대하고 있는 폐기물(담배꽁초 등) 투기
완산구,2022-06-21,18:48:00,용복동 산 108-1 부근,휴대하고 있는 폐기물(담배꽁초 등) 투기
완산구,2022-06-21,,효자동2가 1134-1 부근,휴대하고 있는 폐기물(담배꽁초 등) 투기
완산구,2022-06-20,,백제대로 165-16 부근,간이보관기구(비닐봉지) 이용 폐기물 투기
완산구,2022-06-19,13:45:00,효자동1가 699 부근,휴대하고 있는 폐기물(담배꽁초 등) 투기
완산구,2022-06-19,14:45:00,무삼지로 7 인봉초교 부근,휴대하고 있는 폐기물(담배꽁초 등) 투기
완산구,2022-06-19,,서신동 878 부근,휴대하고 있는 폐기물(담배꽁초 등) 투기
완산구,2022-06-18,11:22:00,색장동 887-1 부근,휴대하고 있는 폐기물(담배꽁초 등) 투기
완산구,2022-06-18,18:17:00,서신동 884 부근,휴대하고 있는 폐기물(담배꽁초 등) 투기
덕진구,2022-06-18,,"덕진구 안덕원로 381, 고려병원 부근",휴대하고 있는 폐기물(담배꽁초 등) 투기
완산구,2022-06-16,08:40:00,효자동3가 1861 부근,휴대하고 있는 폐기물(담배꽁초 등) 투기
덕진구,2022-06-16,,덕진구 신복1길 32 부근,간이보관기구(비닐봉지) 이용 폐기물 투기
덕진구,2022-06-16,,"덕진구 동부대로 1562, 고량명성아파트 부근",휴대하고 있는 폐기물(담배꽁초 등) 투기
덕진구,2022-06-15,15:23:00,"덕진구 백제대로 566, 전북은행 본점 부근",휴대하고 있는 폐기물(담배꽁초 등) 투기
덕진구,2022-06-15,15:41:00,"덕진구 기린대로 516, 파크볼링센타 부근",휴대하고 있는 폐기물(담배꽁초 등) 투기
덕진구,2022-06-15,18:14:00,"덕진구 온고을로 325, 팔복동 감천사 부근",휴대하고 있는 폐기물(담배꽁초 등) 투기
덕진구,2022-06-15,,"덕진구 동부대로 844, 서림가스충전소",대형폐기물 투기(20)
완산구,2022-06-15,,완산구 하거마2길 37 부근,간이보관기구(비닐봉지) 이용 폐기물 투기
완산구,2022-06-15,,완산구 하거마2길 37 부근,간이보관기구(비닐봉지) 이용 폐기물 투기
덕진구,2022-06-14,08:47:00,"덕진구 권삼득로 120, 모래내시장 부근",휴대하고 있는 폐기물(담배꽁초 등) 투기
덕진구,2022-06-14,,"덕진구 온고을로 377, JTV전주방송 부근",휴대하고 있는 폐기물(담배꽁초 등) 투기
완산구,2022-06-14,,서신동 738-127 부근,휴대하고 있는 폐기물(담배꽁초 등) 투기
완산구,2022-06-13,08:06:00,효자동3가 1778 부근,휴대하고 있는 폐기물(담배꽁초 등) 투기
완산구,2022-06-13,17:09:00,효자동3가 1765 부근,휴대하고 있는 폐기물(담배꽁초 등) 투기
덕진구,2022-06-13,18:14:00,"덕진구 콩쥐팥쥐로 1515, 농수산대학 부근",휴대하고 있는 폐기물(담배꽁초 등) 투기
완산구,2022-06-13,,완산구 전룡4길 15 부근,간이보관기구(비닐봉지) 이용 폐기물 투기
완산구,2022-06-12,19:20:00,서신동 660-11 부근,휴대하고 있는 폐기물(담배꽁초 등) 투기
완산구,2022-06-11,13:50:00,완산구 세내로 538 부근,휴대하고 있는 폐기물(담배꽁초 등) 투기
덕진구,2022-06-10,16:24:00,"덕진구 백제대로 681-1, 전북대병원 부근",휴대하고 있는 폐기물(담배꽁초 등) 투기
덕진구,2022-06-10,16:24:00,"덕진구 백제대로 681-1, 전북대병원 부근",휴대하고 있는 폐기물(담배꽁초 등) 투기
덕진구,2022-06-09,14:41:00,"덕진구 온고을로 355, 전주한지박물관 부근",휴대하고 있는 폐기물(담배꽁초 등) 투기
완산구,2022-06-09,15:53:00,온고을로 2 롯데백화점 부근,휴대하고 있는 폐기물(담배꽁초 등) 투기
완산구,2022-06-09,,백마산길 69-1,간이보관기구(비닐봉지) 이용 폐기물 투기
완산구,2022-06-09,,삼천동1가 656-9,간이보관기구(비닐봉지) 이용 폐기물 투기
완산구,2022-06-09,,하거마2길 8,간이보관기구(비닐봉지) 이용 폐기물 투기
완산구,2022-06-09,,솟대1길 17 삼천육교,운반장비(차량 등) 이용 폐기물 투기
덕진구,2022-06-08,11:11:00,"덕진구 백제대로 502, 전주종합경기장 부근",휴대하고 있는 폐기물(담배꽁초 등) 투기
덕진구,2022-06-08,13:07:00,"덕진구 온고을로 441, JTV전주방송 부근",휴대하고 있는 폐기물(담배꽁초 등) 투기
완산구,2022-06-08,15:11:00,중화산동2가 676 부근,휴대하고 있는 폐기물(담배꽁초 등) 투기
덕진구,2022-06-08,17:15:00,"덕진구 삼례로 20, 동산광장교차로 부근",휴대하고 있는 폐기물(담배꽁초 등) 투기
완산구,2022-06-08,18:06:00,완산구 쑥고개로 부근,휴대하고 있는 폐기물(담배꽁초 등) 투기
덕진구,2022-06-08,18:41:00,"덕진구 도강길 109-46, 농업회사법인 부공 부근",휴대하고 있는 폐기물(담배꽁초 등) 투기
완산구,2022-06-08,,인후동1가 162-2 부근,휴대하고 있는 폐기물(담배꽁초 등) 투기
덕진구,2022-06-07,,덕진구 가리내6길 6-10 부근,간이보관기구(비닐봉지) 이용 폐기물 투기
완산구,2022-06-07,,덕진동2가 666-14 부근,간이보관기구(비닐봉지) 이용 폐기물 투기
완산구,2022-06-06,,따박골9길 33 거성화산@,간이보관기구(비닐봉지) 이용 폐기물 투기
완산구,2022-06-04,12:42:00,서완산동1가 502-1 부근,휴대하고 있는 폐기물(담배꽁초 등) 투기
완산구,2022-06-04,,신촌2길 18 화산신동아@ 부근,간이보관기구(비닐봉지) 이용 폐기물 투기
완산구,2022-06-04,,삼천동1가 763 부근,휴대하고 있는 폐기물(담배꽁초 등) 투기
덕진구,2022-06-03,,"덕진구 정여립로 988, 워시랜드혁신점",간이보관기구(비닐봉지) 이용 폐기물 투기
완산구,2022-06-02,08:27:00,완산구 서곡5길 22-5 부근,휴대하고 있는 폐기물(담배꽁초 등) 투기
덕진구,2022-06-02,15:29:00,"덕진구 온고을로 753, 전주월드컵경기장 부근",휴대하고 있는 폐기물(담배꽁초 등) 투기
덕진구,2022-06-02,16:58:00,"덕진구 송천중앙로 33, 전라북도립국악원 부근",휴대하고 있는 폐기물(담배꽁초 등) 투기
덕진구,2022-06-02,,덕진구 팔복4길 13 부근,간이보관기구(비닐봉지) 이용 폐기물 투기
덕진구,2022-06-02,,덕진구 동가재미1길 5 부근,간이보관기구(비닐봉지) 이용 폐기물 투기
덕진구,2022-06-02,,"덕진구 두간11길 3-22, 송천2동주민센터 부근",대형폐기물 투기(20)
덕진구,2022-06-01,18:26:00,"덕진구 오공로 33, 전북삼락로컬마켓 부근",휴대하고 있는 폐기물(담배꽁초 등) 투기
완산구,2022-06-01,,중화산동2가 485-131,간이보관기구(비닐봉지) 이용 폐기물 투기
덕진구,2022-05-31,14:33:00,"덕진구 아중로 166, 아중마을제일2차 부근",휴대하고 있는 폐기물(담배꽁초 등) 투기
덕진구,2022-05-31,17:50:00,"덕진구 초포로 275, 고당네거리 부근",휴대하고 있는 폐기물(담배꽁초 등) 투기
덕진구,2022-05-29,,덕진구 진북동 834-81 부근,간이보관기구(비닐봉지) 이용 폐기물 투기
덕진구,2022-05-29,,덕진구 진북동 834-81,쓰레기 무단투기
완산구,2022-05-29,,효자동1가 382-2 부근,휴대하고 있는 폐기물(담배꽁초 등) 투기
덕진구,2022-05-27,08:48:00,"덕진구 온고을로 258, 아름다운컨벤션웨딩 부근",휴대하고 있는 폐기물(담배꽁초 등) 투기
덕진구,2022-05-27,,"덕진구 용소로 106, 성원무지개아파트",간이보관기구(비닐봉지) 이용 폐기물 투기
완산구,2022-05-27,,효자동2가 70 부근,휴대하고 있는 폐기물(담배꽁초 등) 투기
완산구,2022-05-26,06:39:00,효자동3가 1138-5 부근,휴대하고 있는 폐기물(담배꽁초 등) 투기
완산구,2022-05-26,07:35:00,완산구 백마산길 6 부근,휴대하고 있는 폐기물(담배꽁초 등) 투기
덕진구,2022-05-26,,덕진구 진버들1길 12 부근,간이보관기구(비닐봉지) 이용 폐기물 투기
덕진구,2022-05-26,,덕진구 거북바우로 45 부근,간이보관기구(비닐봉지) 이용 폐기물 투기
덕진구,2022-05-26,,"덕진구 기린대로 496, 덕진광장 부근",휴대하고 있는 폐기물(담배꽁초 등) 투기
완산구,2022-05-26,,문화3길 14-3 부근 노송공원,간이보관기구(비닐봉지) 이용 폐기물 투기
완산구,2022-05-26,,장승배기3길 7-2,간이보관기구(비닐봉지) 이용 폐기물 투기
덕진구,2022-05-25,15:26:00,"덕진구 만성로 118, 전주지방법원 부근",휴대하고 있는 폐기물(담배꽁초 등) 투기
완산구,2022-05-25,,중화산동2가 736-11 부근,운반장비(차량 등) 이용 폐기물 투기
완산구,2022-05-25,,중화산동2가 213-2,간이보관기구(비닐봉지) 이용 폐기물 투기
완산구,2022-05-24,07:36:00,완산구 효자로 2 부근,휴대하고 있는 폐기물(담배꽁초 등) 투기
완산구,2022-05-24,15:00:00,석산마을길 1 부근,운반장비(차량 등) 이용 폐기물 투기
완산구,2022-05-24,18:02:00,평화동2가 919,휴대하고 있는 폐기물(담배꽁초 등) 투기
완산구,2022-05-24,,구룡2길 26 부근,간이보관기구(비닐봉지) 이용 폐기물 투기
완산구,2022-05-24,,새터로 31 부근,간이보관기구(비닐봉지) 이용 폐기물 투기
덕진구,2022-05-23,,덕진구 진북동 834-81,쓰레기 무단투기
덕진구,2022-05-23,,덕진구 진북동 834-81,쓰레기 무단투기
덕진구,2022-05-20,09:26:00,"덕진구 아중로 123, 홍앤채정형외과의원 부근",휴대하고 있는 폐기물(담배꽁초 등) 투기
덕진구,2022-05-20,,"덕진구 정여립로 988, 워시랜드혁신점",휴대하고 있는 폐기물(담배꽁초 등) 투기
완산구,2022-05-20,,삼천동1가 695-1,간이보관기구(비닐봉지) 이용 폐기물 투기
완산구,2022-05-19,16:00:00,서신동 865 부근,휴대하고 있는 폐기물(담배꽁초 등) 투기
덕진구,2022-05-19,18:06:00,덕진구 팔복동3가 411 부근,휴대하고 있는 폐기물(담배꽁초 등) 투기
덕진구,2022-05-19,,"덕진구 가리내로 5, 금암광장 부근",휴대하고 있는 폐기물(담배꽁초 등) 투기
덕진구,2022-05-18,,"덕진구 정여립로 988, 워시랜드혁신점",휴대하고 있는 폐기물(담배꽁초 등) 투기
완산구,2022-05-17,08:20:00,효자동3가 1778 부근,휴대하고 있는 폐기물(담배꽁초 등) 투기
완산구,2022-05-17,08:38:00,효자동3가 1408-9 부근,휴대하고 있는 폐기물(담배꽁초 등) 투기
완산구,2022-05-17,09:10:00,효자동1가 298-1 부근,휴대하고 있는 폐기물(담배꽁초 등) 투기
덕진구,2022-05-17,12:10:00,"덕진구 가리내로 118, 전주종합경기장 부근",휴대하고 있는 폐기물(담배꽁초 등) 투기
완산구,2022-05-16,14:10:00,송정로 40-1 부근,간이보관기구(비닐봉지) 이용 폐기물 투기
덕진구,2022-05-16,16:19:00,"덕진구 기린대로 951, 전주공고 부근",휴대하고 있는 폐기물(담배꽁초 등) 투기
덕진구,2022-05-16,,"덕진구 태진로 101, 진북 우성아파트",대형폐기물 투기(16)
덕진구,2022-05-16,,덕진구 인후동1가 510-29,쓰레기 무단투기
완산구,2022-05-16,,남노송동 509-49 부근,간이보관기구(비닐봉지) 이용 폐기물 투기
덕진구,2022-05-15,12:44:00,"덕진구 소리로 180, 전주북초등학교 부근",휴대하고 있는 폐기물(담배꽁초 등) 투기
완산구,2022-05-13,09:40:00,중화산동2가 736-11 부근,운반장비(차량 등) 이용 폐기물 투기
완산구,2022-05-13,17:14:00,서신동 738-1 부근,휴대하고 있는 폐기물(담배꽁초 등) 투기
덕진구,2022-05-13,,"덕진구 번영로 214, 성덕버스정류장 부근",운반장비(차량 등) 이용 폐기물 투기
덕진구,2022-05-12,16:05:00,"덕진구 동부대로 803, 호성 동신아파트 부근",휴대하고 있는 폐기물(담배꽁초 등) 투기
완산구,2022-05-12,17:05:00,서신동 961 부근,휴대하고 있는 폐기물(담배꽁초 등) 투기
덕진구,2022-05-11,,"덕진구 번영로 214, 성덕버스정류장 부근",간이보관기구(비닐봉지) 이용 폐기물 투기
덕진구,2022-05-10,,덕진구 우아동3가 744,쓰레기 무단투기
덕진구,2022-05-10,,덕진구 우아동3가 744,쓰레기 무단투기
덕진구,2022-05-10,,"덕진구 정여립로 988, 워시랜드혁신점",휴대하고 있는 폐기물(담배꽁초 등) 투기
완산구,2022-05-10,,효자동3가 산 191-15 부근,휴대하고 있는 폐기물(담배꽁초 등) 투기
완산구,2022-05-09,12:21:00,우전로 259 부근,휴대하고 있는 폐기물(담배꽁초 등) 투기
완산구,2022-05-09,17:13:00,마전1길 18-4 부근,휴대하고 있는 폐기물(담배꽁초 등) 투기
덕진구,2022-05-09,,덕진구 우아동3가 749,쓰레기 무단투기
덕진구,2022-05-09,,덕진구 송천동1가 810-3,쓰레기 무단투기
완산구,2022-05-08,10:27:00,서서학동 206-1 부근,휴대하고 있는 폐기물(담배꽁초 등) 투기
완산구,2022-05-08,10:27:00,효자동3가 1490 부근,휴대하고 있는 폐기물(담배꽁초 등) 투기
덕진구,2022-05-08,,"덕진구 정여립로 988, 워시랜드혁신점",휴대하고 있는 폐기물(담배꽁초 등) 투기
완산구,2022-05-08,,효자동2가 880-7 부근,휴대하고 있는 폐기물(담배꽁초 등) 투기
덕진구,2022-05-07,,"덕진구 태진로 101, 진북 우성아파트",대형폐기물 투기(16)
덕진구,2022-05-07,,덕진구 우아3길 9 부근,대형폐기물 투기(20)
완산구,2022-05-06,08:41:00,효자동3가 1861 부근,휴대하고 있는 폐기물(담배꽁초 등) 투기
덕진구,2022-05-06,,덕진구 우아동3가 749,쓰레기 무단투기
완산구,2022-05-05,08:46:00,효자동3가 1548 부근,휴대하고 있는 폐기물(담배꽁초 등) 투기
덕진구,2022-05-05,15:35:00,"덕진구 백제대로 676, 전북대병원 입구 부근",휴대하고 있는 폐기물(담배꽁초 등) 투기
덕진구,2022-05-05,17:57:00,"덕진구 동부대로 1061, 송천도서관 부근",휴대하고 있는 폐기물(담배꽁초 등) 투기
완산구,2022-05-05,18:22:00,효자동2가 1401 부근,휴대하고 있는 폐기물(담배꽁초 등) 투기
완산구,2022-05-04,10:25:00,완산구 백제대로 13 부근,휴대하고 있는 폐기물(담배꽁초 등) 투기
완산구,2022-05-04,13:50:00,풍남초등학교 부근,휴대하고 있는 폐기물(담배꽁초 등) 투기
덕진구,2022-05-04,,"덕진구 아중로 140, 막창일번지 부근",간이보관기구(비닐봉지) 이용 폐기물 투기
완산구,2022-05-02,17:09:00,효자동3가 1046-12,휴대하고 있는 폐기물(담배꽁초 등) 투기
덕진구,2022-05-02,,"덕진구 번영로 214, 성덕버스정류장 부근",대형폐기물 투기(16)
완산구,2022-05-01,11:25:00,구룡2길 22 부근,운반장비(차량 등) 이용 폐기물 투기
덕진구,2022-04-30,19:07:00,"덕진구 안덕원로 370, 고려병원 부근",휴대하고 있는 폐기물(담배꽁초 등) 투기
완산구,2022-04-29,15:16:00,완산구 백제대로 145 부근,휴대하고 있는 폐기물(담배꽁초 등) 투기
덕진구,2022-04-29,18:09:00,"덕진구 온고을로 384, 지식산업센터 부근",휴대하고 있는 폐기물(담배꽁초 등) 투기
완산구,2022-04-28,05:50:00,덕진구 바우배기1길 21,간이보관기구(비닐봉지) 이용 폐기물 투기
완산구,2022-04-28,14:51:00,안행5길 11 금호@내,운반장비(차량 등) 이용 폐기물 투기
덕진구,2022-04-28,16:31:00,"덕진구 기린대로 576, 원광대한방병원 부근",휴대하고 있는 폐기물(담배꽁초 등) 투기
덕진구,2022-04-28,,덕진구 한배미3길 17,쓰레기 무단투기
완산구,2022-04-26,12:08:00,문학로 29 대박마트 뒤,운반장비(차량 등) 이용 폐기물 투기
덕진구,2022-04-26,18:29:00,"덕진구 콩쥐팥쥐로 1515, 농수산대학 부근",휴대하고 있는 폐기물(담배꽁초 등) 투기
완산구,2022-04-25,09:06:00,효자동3가 1781 부근,휴대하고 있는 폐기물(담배꽁초 등) 투기
덕진구,2022-04-25,16:09:00,"덕진구 백제대로 566, 전북은행 본점 부근",휴대하고 있는 폐기물(담배꽁초 등) 투기
덕진구,2022-04-25,,덕진구 인후동1가 784-13,쓰레기 무단투기
덕진구,2022-04-25,,"완산구 대동로 4, 전주초등학교 부근",휴대하고 있는 폐기물(담배꽁초 등) 투기
완산구,2022-04-25,,중화산동2가 46-25 부근,운반장비(차량 등) 이용 폐기물 투기
완산구,2022-04-24,12:39:00,동서학동 267 부근,휴대하고 있는 폐기물(담배꽁초 등) 투기
완산구,2022-04-24,13:30:00,완산구 호암로 91 부근,휴대하고 있는 폐기물(담배꽁초 등) 투기
완산구,2022-04-24,15:32:00,솟대1길 17 삼천육교,운반장비(차량 등) 이용 폐기물 투기
완산구,2022-04-23,11:56:00,삼천동1가 709 부근,휴대하고 있는 폐기물(담배꽁초 등) 투기
완산구,2022-04-23,13:36:00,경원동3가 91-3 부근,휴대하고 있는 폐기물(담배꽁초 등) 투기
완산구,2022-04-23,16:40:00,효자동2가 1364 부근,휴대하고 있는 폐기물(담배꽁초 등) 투기
완산구,2022-04-23,16:56:00,솟대1길 17 삼천육교,운반장비(차량 등) 이용 폐기물 투기
덕진구,2022-04-23,19:03:00,"덕진구 가리내8길 15, 미니스톱 하가지구점 부근",휴대하고 있는 폐기물(담배꽁초 등) 투기
덕진구,2022-04-22,15:23:00,"덕진구 동부대로 693, 전주역 부근",휴대하고 있는 폐기물(담배꽁초 등) 투기
덕진구,2022-04-22,16:31:00,"덕진구 견훤로 390, 대자인병원 부근",휴대하고 있는 폐기물(담배꽁초 등) 투기
덕진구,2022-04-22,17:49:00,"덕진구 동부대로 699, 전주역 부근",휴대하고 있는 폐기물(담배꽁초 등) 투기
완산구,2022-04-21,11:13:00,중인1길 193 부근,운반장비(차량 등) 이용 폐기물 투기
완산구,2022-04-21,15:28:00,효자동3가 1876 인근,휴대하고 있는 폐기물(담배꽁초 등) 투기
덕진구,2022-04-21,15:58:00,"덕진구 송천중앙로 165, 솔내고등학교 부근",휴대하고 있는 폐기물(담배꽁초 등) 투기
덕진구,2022-04-21,16:35:00,덕진구 추천1길 19-2 부근,간이보관기구(비닐봉지) 이용 폐기물 투기
덕진구,2022-04-21,,덕진구 사평3길 8-1 부근,간이보관기구(비닐봉지) 이용 폐기물 투기
완산구,2022-04-20,08:27:00,완산구 유연로 28 부근,휴대하고 있는 폐기물(담배꽁초 등) 투기
완산구,2022-04-20,19:11:00,중산5길 17 부근,휴대하고 있는 폐기물(담배꽁초 등) 투기
덕진구,2022-04-20,21:17:00,"덕진구 송천중앙로 190, 솔내고등학교 부근",휴대하고 있는 폐기물(담배꽁초 등) 투기
완산구,2022-04-19,08:51:00,효자동3가 1779 부근,휴대하고 있는 폐기물(담배꽁초 등) 투기
완산구,2022-04-19,17:09:00,효자동3가 865-5 부근,휴대하고 있는 폐기물(담배꽁초 등) 투기
덕진구,2022-04-19,,덕진구 인후동1가 975,쓰레기 무단투기
완산구,2022-04-18,07:38:00,서신동 876 부근,휴대하고 있는 폐기물(담배꽁초 등) 투기
완산구,2022-04-18,09:36:00,중화산동2가 269-5 부근,휴대하고 있는 폐기물(담배꽁초 등) 투기
완산구,2022-04-18,18:00:00,전라감영로 35 부근,휴대하고 있는 폐기물(담배꽁초 등) 투기
덕진구,2022-04-18,,"덕진구 기린대로 831, 더메이호텔 부근",휴대하고 있는 폐기물(담배꽁초 등) 투기
덕진구,2022-04-17,11:55:00,덕진구 우아동3가 749 부근,휴대하고 있는 폐기물(담배꽁초 등) 투기
덕진구,2022-04-16,14:56:00,덕진구 산정동 896 부근,휴대하고 있는 폐기물(담배꽁초 등) 투기
덕진구,2022-04-15,,"덕진구 두간11길 3-22, 송천2동주민센터 부근",대형폐기물 투기(16)
덕진구,2022-04-14,,덕진구 서가재미3길 6 부근,간이보관기구(비닐봉지) 이용 폐기물 투기
덕진구,2022-04-13,,덕진구 장동 1083-5,쓰레기 무단투기
덕진구,2022-04-13,,덕진구 송천동2가 1395,쓰레기 무단투기
덕진구,2022-04-13,,덕진구 여의동 2가 701 ,쓰레기 무단투기
덕진구,2022-04-12,08:53:00,"덕진구 가련산로 99, 원광한방병원 부근",휴대하고 있는 폐기물(담배꽁초 등) 투기
덕진구,2022-04-12,,"덕진구 두간11길 3-22, 송천2동주민센터 부근",간이보관기구(비닐봉지) 이용 폐기물 투기
덕진구,2022-04-12,,"덕진구 두간11길 3-22, 송천2동주민센터 부근",대형폐기물 투기(20)
덕진구,2022-04-12,,덕진구 송천동1가 778-28 부근,휴대하고 있는 폐기물(담배꽁초 등) 투기
완산구,2022-04-11,08:06:00,따박골로 10 부근,휴대하고 있는 폐기물(담배꽁초 등) 투기
완산구,2022-04-11,11:03:00,중인동 627-6 부근,운반장비(차량 등) 이용 폐기물 투기
덕진구,2022-04-11,11:42:00,"덕진구 송천중앙로 12, 전라북도립국악원 부근",휴대하고 있는 폐기물(담배꽁초 등) 투기
완산구,2022-04-11,17:00:00,우성삼천2차아파트 내,운반장비(차량 등) 이용 폐기물 투기
덕진구,2022-04-11,,덕진구 도덕동 506-1 부근,휴대하고 있는 폐기물(담배꽁초 등) 투기
완산구,2022-04-10,18:49:00,중인동 627-6 부근,운반장비(차량 등) 이용 폐기물 투기
덕진구,2022-04-10,,덕진구 금암동 1592-3 부근,간이보관기구(비닐봉지) 이용 폐기물 투기
덕진구,2022-04-10,,덕진구 금암동 1592-3,쓰레기 무단투기
덕진구,2022-04-10,,덕진구 금암동 1592-3,쓰레기 무단투기
덕진구,2022-04-10,,완산구 서신동 242-2 부근,운반장비(차량 등) 이용 폐기물 투기
완산구,2022-04-09,10:09:00,서신동 269-4 부근,운반장비(차량 등) 이용 폐기물 투기
완산구,2022-04-09,18:27:00,중인동 627-6 부근,운반장비(차량 등) 이용 폐기물 투기
완산구,2022-04-08,11:42:00,중인동 627-6 부근,운반장비(차량 등) 이용 폐기물 투기
완산구,2022-04-08,12:44:00,중인동 627-6 부근,운반장비(차량 등) 이용 폐기물 투기
덕진구,2022-04-08,,"덕진구 백제대로 639, 사대부고사거리 부근",휴대하고 있는 폐기물(담배꽁초 등) 투기
완산구,2022-04-07,18:00:00,삼천동1가 551 부근,휴대하고 있는 폐기물(담배꽁초 등) 투기
완산구,2022-04-06,10:23:00,중인동 627-6 부근,운반장비(차량 등) 이용 폐기물 투기
완산구,2022-04-06,18:30:00,효자동2가 1124 부근,휴대하고 있는 폐기물(담배꽁초 등) 투기
완산구,2022-04-06,21:00:00,효자로 289부근,휴대하고 있는 폐기물(담배꽁초 등) 투기
덕진구,2022-04-06,,완산구 구룡2길 28-1 부근,간이보관기구(비닐봉지) 이용 폐기물 투기
완산구,2022-04-05,01:00:00,덕진구 가련산로 17부근,휴대하고 있는 폐기물(담배꽁초 등) 투기
덕진구,2022-04-05,13:49:00,"덕진구 연화길 4, 덕진체련공원 부근",휴대하고 있는 폐기물(담배꽁초 등) 투기
완산구,2022-04-05,14:25:00,중인동 627-6 부근,운반장비(차량 등) 이용 폐기물 투기
덕진구,2022-04-04,12:37:00,"덕진구 백제대로 532, 전주종합경기장 부근",휴대하고 있는 폐기물(담배꽁초 등) 투기
덕진구,2022-04-04,17:40:00,"덕진구 추천로 5, 그랜드힐스턴 부근",휴대하고 있는 폐기물(담배꽁초 등) 투기
덕진구,2022-04-03,,"덕진구 두간11길 3-22, 송천2동주민센터 부근",간이보관기구(비닐봉지) 이용 폐기물 투기
덕진구,2022-04-03,,"덕진구 두간11길 3-22, 송천2동주민센터 부근",간이보관기구(비닐봉지) 이용 폐기물 투기
덕진구,2022-04-02,13:45:00,"덕진구 초포로 63, 오매마을 부근",휴대하고 있는 폐기물(담배꽁초 등) 투기
덕진구,2022-04-02,,덕진구 덕진동1가 1442 부근,간이보관기구(비닐봉지) 이용 폐기물 투기
덕진구,2022-04-02,,"덕진구 두간11길 3-22, 송천2동주민센터 부근",대형폐기물 투기(16)
덕진구,2022-04-02,,"덕진구 두간11길 3-22, 송천2동주민센터 부근",대형폐기물 투기(20)
덕진구,2022-04-02,,"덕진구 두간11길 3-22, 송천2동주민센터 부근",대형폐기물 투기(20)
덕진구,2022-04-02,,덕진구 덕진동1가 1442,쓰레기 무단투기
덕진구,2022-04-02,,"덕진구 두간11길 3-22, 송천2동주민센터 부근",간이보관기구(비닐봉지) 이용 폐기물 투기
덕진구,2022-04-01,15:20:00,"덕진구 정여립로 916, 국민연금공단 부근",휴대하고 있는 폐기물(담배꽁초 등) 투기
덕진구,2022-04-01,,완산구 완산3길 14-1 부근,간이보관기구(비닐봉지) 이용 폐기물 투기
덕진구,2022-04-01,,완산구 완산길 30 부근,간이보관기구(비닐봉지) 이용 폐기물 투기
덕진구,2022-04-01,,"덕진구 동부대로 1145, 송천역사거리 부근",휴대하고 있는 폐기물(담배꽁초 등) 투기
덕진구,2022-03-31,14:05:00,"덕진구 백제대로 646, 사대부고사거리 부근",휴대하고 있는 폐기물(담배꽁초 등) 투기
완산구,2022-03-30,15:33:00,중인동 627-6 부근,운반장비(차량 등) 이용 폐기물 투기
완산구,2022-03-30,17:00:00,중인동 627-6 부근,운반장비(차량 등) 이용 폐기물 투기
덕진구,2022-03-29,12:12:00,"덕진구 백제대로 639, 사대부고사거리 부근",휴대하고 있는 폐기물(담배꽁초 등) 투기
덕진구,2022-03-29,,덕진구 장동 141-7,쓰레기 무단투기
덕진구,2022-03-28,12:06:00,"덕진구 기린대로 584, 원광대학교 한방병원 부근",휴대하고 있는 폐기물(담배꽁초 등) 투기
완산구,2022-03-27,08:59:00,중인동 627-6 부근,운반장비(차량 등) 이용 폐기물 투기
덕진구,2022-03-27,13:55:00,"덕진구 숲정이4길 5-12, 회복교회 부근",휴대하고 있는 폐기물(담배꽁초 등) 투기
완산구,2022-03-27,17:06:00,중인동 627-6 부근,운반장비(차량 등) 이용 폐기물 투기
완산구,2022-03-27,18:00:00,중인동 627-6 부근,운반장비(차량 등) 이용 폐기물 투기
완산구,2022-03-26,15:04:00,척동길32 인근,휴대하고 있는 폐기물(담배꽁초 등) 투기
덕진구,2022-03-26,21:37:00,"덕진구 솔내로 121, 송천우림아파트 부근",휴대하고 있는 폐기물(담배꽁초 등) 투기
덕진구,2022-03-25,15:59:00,"덕진구 만성북1길 28, 양현중학교 부근",간이보관기구(비닐봉지) 이용 폐기물 투기
덕진구,2022-03-24,12:07:00,"완산구 백제대로 401, 빕스전주점 부근",휴대하고 있는 폐기물(담배꽁초 등) 투기
완산구,2022-03-24,17:02:00,중인동 627-6 부근,운반장비(차량 등) 이용 폐기물 투기
덕진구,2022-03-24,,"덕진구 떡전로 17, 온정의원 부근",간이보관기구(비닐봉지) 이용 폐기물 투기
덕진구,2022-03-24,,덕진구 송천동1가 543-79,쓰레기 무단투기
덕진구,2022-03-24,,"완산구 선너머3길 44-13, 가람빌 부근",간이보관기구(비닐봉지) 이용 폐기물 투기
완산구,2022-03-23,15:03:00,중인동 627-6 부근,운반장비(차량 등) 이용 폐기물 투기
완산구,2022-03-23,15:26:00,중인동 627-6 부근,운반장비(차량 등) 이용 폐기물 투기
덕진구,2022-03-22,14:28:00,"완산구 고사평1길 21, 서신광진아파트 부근",휴대하고 있는 폐기물(담배꽁초 등) 투기
완산구,2022-03-22,16:02:00,중인동 627-6 부근,운반장비(차량 등) 이용 폐기물 투기
완산구,2022-03-22,,효자동3가 1780 인근,휴대하고 있는 폐기물(담배꽁초 등) 투기
완산구,2022-03-21,10:42:00,중인동 627-6 부근,운반장비(차량 등) 이용 폐기물 투기
덕진구,2022-03-21,,덕진구 거북바우로 110-1,쓰레기 무단투기
덕진구,2022-03-21,,덕진구 거북바우로 110-1,쓰레기 무단투기
덕진구,2022-03-20,,덕진구 덕진동2가 168-17,쓰레기 무단투기
완산구,2022-03-20,,남양대명아파트 내,간이보관기구(비닐봉지) 이용 폐기물 투기
덕진구,2022-03-19,15:30:00,"완산구 당산로 55, 남양대명타운아파트 내부",대형폐기물 투기(20)
덕진구,2022-03-18,14:07:00,"덕진구 견훤로 428, 우아한시티 아파트 부근",휴대하고 있는 폐기물(담배꽁초 등) 투기
완산구,2022-03-18,15:05:00,전주부설초 인근,생활폐기물 소각
덕진구,2022-03-18,,덕진구 덕진동1가 1442,쓰레기 무단투기
덕진구,2022-03-17,19:24:00,"덕진구 기린대로 568, 원광대학교 한방병원 부근",휴대하고 있는 폐기물(담배꽁초 등) 투기
완산구,2022-03-15,,평화동1가 750 인근,휴대하고 있는 폐기물(담배꽁초 등) 투기
완산구,2022-03-14,09:00:00,효자동1가 725 인근,휴대하고 있는 폐기물(담배꽁초 등) 투기
완산구,2022-03-14,11:25:00,효자동3가 1876 인근,휴대하고 있는 폐기물(담배꽁초 등) 투기
덕진구,2022-03-14,12:52:00,"덕진구 가련산로 13, 전북은행 하가지점 부근",휴대하고 있는 폐기물(담배꽁초 등) 투기
덕진구,2022-03-14,,덕진구 6지역 김형문님 자리,쓰레기 무단투기
덕진구,2022-03-14,,덕진구 6지역 주지현님 자리,쓰레기 무단투기
덕진구,2022-03-14,,덕진구 거북바우로 110-1,쓰레기 무단투기
완산구,2022-03-14,,서신동 975 인근,휴대하고 있는 폐기물(담배꽁초 등) 투기
덕진구,2022-03-13,15:41:00,"덕진구 가리내9길 10, 빛날 빈 카페 부근",휴대하고 있는 폐기물(담배꽁초 등) 투기
완산구,2022-03-13,18:50:00,서신동 240-8 부근,운반장비(차량 등) 이용 폐기물 투기
덕진구,2022-03-12,12:01:00,"덕진구 산정3길 26, 테라호텔 부근",간이보관기구(비닐봉지) 이용 폐기물 투기
덕진구,2022-03-12,23:56:00,"덕진구 동부대로 1550, 셀세모 부근",간이보관기구(비닐봉지) 이용 폐기물 투기
덕진구,2022-03-11,07:39:00,"덕진구 소리로 180, 전주북초등학교 부근",휴대하고 있는 폐기물(담배꽁초 등) 투기
완산구,2022-03-10,09:28:00,효자동 서전주중학교 인근,휴대하고 있는 폐기물(담배꽁초 등) 투기
덕진구,2022-03-10,,덕진구 거북바우로 110-1,쓰레기 무단투기
완산구,2022-03-09,17:20:00,서신동 241-9,간이보관기구(비닐봉지) 이용 폐기물 투기
덕진구,2022-03-08,13:48:00,"완산구 서원로 10, 전주대학교 부근",휴대하고 있는 폐기물(담배꽁초 등) 투기
덕진구,2022-03-07,08:06:00,"덕진구 번영로 485, 월드컵지하차도 부근",휴대하고 있는 폐기물(담배꽁초 등) 투기
덕진구,2022-03-07,,덕진구 덕진동2가 613,쓰레기 무단투기
완산구,2022-03-04,06:30:00,평화19길 20-7 일성아파트,운반장비(차량 등) 이용 폐기물 투기
덕진구,2022-03-04,09:51:00,"덕진구 백제대로 480, 전주종합경기장 부근",휴대하고 있는 폐기물(담배꽁초 등) 투기
완산구,2022-03-04,10:00:00,효자동3가 1739 인근,휴대하고 있는 폐기물(담배꽁초 등) 투기
덕진구,2022-03-04,14:45:00,"덕진구 견훤로 270, 안골사거리 부근",휴대하고 있는 폐기물(담배꽁초 등) 투기
완산구,2022-03-04,15:14:00,효자동3가 1593-1,간이보관기구(비닐봉지) 이용 폐기물 투기
완산구,2022-03-03,04:00:00,서신동 823-4 인근,간이보관기구(비닐봉지) 이용 폐기물 투기
완산구,2022-03-03,19:14:00,효자동3가 산317-3 인근,휴대하고 있는 폐기물(담배꽁초 등) 투기
완산구,2022-03-03,,중인초등학교 앞,간이보관기구(비닐봉지) 이용 폐기물 투기
완산구,2022-03-02,06:00:00,효자동2가 93-5 인근,간이보관기구(비닐봉지) 이용 폐기물 투기
완산구,2022-03-02,,평화동1가 758 부근,간이보관기구(비닐봉지) 이용 폐기물 투기
완산구,2022-02-28,13:08:00,평화동1가 601-4 인근,휴대하고 있는 폐기물(담배꽁초 등) 투기
덕진구,2022-02-28,16:53:00,"덕진구 동부대로 1051, 대송장례식장 부근",휴대하고 있는 폐기물(담배꽁초 등) 투기
완산구,2022-02-27,11:08:00,효자동1가 649 인근,휴대하고 있는 폐기물(담배꽁초 등) 투기
완산구,2022-02-27,12:50:00,장승배기로 15(삼천주공4단지),간이보관기구(비닐봉지) 이용 폐기물 투기
덕진구,2022-02-27,16:31:00,"덕진구 견훤로 414, 홈플러스 부근",휴대하고 있는 폐기물(담배꽁초 등) 투기
덕진구,2022-02-26,11:49:00,"덕진구 동부대로 556, 안덕원지하차도 부근",휴대하고 있는 폐기물(담배꽁초 등) 투기
덕진구,2022-02-26,11:49:00,"덕진구 동부대로 556, 안덕원지하차도 부근",휴대하고 있는 폐기물(담배꽁초 등) 투기
덕진구,2022-02-26,15:55:00,"덕진구 동부대로 675, 전주역 부근",휴대하고 있는 폐기물(담배꽁초 등) 투기
덕진구,2022-02-25,07:26:00,"덕진구 견훤로 330, 전주북일초등학교 부근",휴대하고 있는 폐기물(담배꽁초 등) 투기
완산구,2022-02-25,16:14:00,서신동 974 부근,휴대하고 있는 폐기물(담배꽁초 등) 투기
덕진구,2022-02-25,,덕진구 인후동1가 465-1,쓰레기 무단투기
완산구,2022-02-25,,중화산동2가 678 인근,간이보관기구(비닐봉지) 이용 폐기물 투기
덕진구,2022-02-24,07:54:00,"덕진구 소리로 6, 덕진체련공원 배드민턴장 부근",휴대하고 있는 폐기물(담배꽁초 등) 투기
완산구,2022-02-24,10:00:00,서신동 916 인근,휴대하고 있는 폐기물(담배꽁초 등) 투기
완산구,2022-02-24,,중화산동1가 233-2,간이보관기구(비닐봉지) 이용 폐기물 투기
덕진구,2022-02-23,07:53:00,"덕진구 기린대로 602, 원광한방병원 부근",휴대하고 있는 폐기물(담배꽁초 등) 투기
완산구,2022-02-23,11:28:00,효자동3가 1808 인근,휴대하고 있는 폐기물(담배꽁초 등) 투기
덕진구,2022-02-23,13:30:00,"덕진구 기린대로 800, 더메이호텔 부근",휴대하고 있는 폐기물(담배꽁초 등) 투기
덕진구,2022-02-22,08:22:00,"덕진구 백제대로 630-1, 덕진소방서 부근",휴대하고 있는 폐기물(담배꽁초 등) 투기
덕진구,2022-02-21,,덕진구 인후동1가 774-1,쓰레기 무단투기
완산구,2022-02-20,09:50:00,중산1길11,간이보관기구(비닐봉지) 이용 폐기물 투기
덕진구,2022-02-19,,덕진구 인후동1가 507-2,쓰레기 무단투기
덕진구,2022-02-18,11:25:00,"덕진구 혁신로 485, 망향비빔국수 부근",휴대하고 있는 폐기물(담배꽁초 등) 투기
완산구,2022-02-18,22:08:00,효자동2가 750-1 인근,휴대하고 있는 폐기물(담배꽁초 등) 투기
덕진구,2022-02-18,22:44:00,"덕진구 송천중앙로 160, 솔내고등학교 부근",휴대하고 있는 폐기물(담배꽁초 등) 투기
덕진구,2022-02-18,,덕진구 진북동 351-30 부근,간이보관기구(비닐봉지) 이용 폐기물 투기
덕진구,2022-02-18,,덕진구 인후동1가 774-1,쓰레기 무단투기
덕진구,2022-02-18,,덕진구 진북동 351-30,쓰레기 무단투기
덕진구,2022-02-16,,덕진구 인후동1가 727-101,쓰레기 무단투기
덕진구,2022-02-15,18:59:00,"덕진구 기린대로 496, 덕진광장 부근",휴대하고 있는 폐기물(담배꽁초 등) 투기
덕진구,2022-02-14,12:10:00,"덕진구 고랑동 291-25, 동부대로 부근",휴대하고 있는 폐기물(담배꽁초 등) 투기
덕진구,2022-02-14,,덕진구 인후동1가 773-16,쓰레기 무단투기
완산구,2022-02-13,19:48:00,평화동 현대아파트 인근,간이보관기구(비닐봉지) 이용 폐기물 투기
덕진구,2022-02-12,12:34:00,"덕진구 세병로 66, 전주화정중학교 부근",휴대하고 있는 폐기물(담배꽁초 등) 투기
덕진구,2022-02-12,,덕진구 덕진동1가 1401-38,쓰레기 무단투기
완산구,2022-02-11,11:30:00,전주효문여중 부근,운반장비(차량 등) 이용 폐기물 투기
덕진구,2022-02-11,21:22:00,"덕진구 우아로 32, 전주동신초등학교 부근",휴대하고 있는 폐기물(담배꽁초 등) 투기
완산구,2022-02-11,21:22:00,우아동 동신초등학교 인근,휴대하고 있는 폐기물(담배꽁초 등) 투기
덕진구,2022-02-09,,덕진구 인후동1가 783-4 부근,간이보관기구(비닐봉지) 이용 폐기물 투기
덕진구,2022-02-09,,덕진구 인후동1가 727-101,쓰레기 무단투기
덕진구,2022-02-09,,덕진구 인후동1가 783-4,쓰레기 무단투기
덕진구,2022-02-08,14:52:00,"덕진구 기린대로 831, 더메이호텔 부근",휴대하고 있는 폐기물(담배꽁초 등) 투기
덕진구,2022-02-08,17:32:00,"덕진구 백제대로 630-1, 덕진소방서 부근",휴대하고 있는 폐기물(담배꽁초 등) 투기
덕진구,2022-02-08,,덕진구 인후동1가 625,쓰레기 무단투기
덕진구,2022-02-07,,"덕진구 인후동1가 773-16, 언덕어린이공원 부근",간이보관기구(비닐봉지) 이용 폐기물 투기
덕진구,2022-02-07,,덕진구 인후동1가 773-16,쓰레기 무단투기
덕진구,2022-02-07,,덕진구 인후동1가 773-16,쓰레기 무단투기
덕진구,2022-02-07,,덕진구 인후동1가 787,쓰레기 무단투기
완산구,2022-02-06,16:00:00,서신동 281-175 부근,간이보관기구(비닐봉지) 이용 폐기물 투기
완산구,2022-02-06,17:42:00,삼천동1가 709 부근,휴대하고 있는 폐기물(담배꽁초 등) 투기
덕진구,2022-02-06,18:08:00,"덕진구 동부대로 654, 전주역 부근",휴대하고 있는 폐기물(담배꽁초 등) 투기
완산구,2022-02-04,11:43:00,서서학동 7-1 부근,휴대하고 있는 폐기물(담배꽁초 등) 투기
덕진구,2022-02-04,16:56:00,"덕진구 팽나무4길 29-2, 왕국회관 부근",간이보관기구(비닐봉지) 이용 폐기물 투기
완산구,2022-02-03,08:42:00,서신동 240-8 부근,간이보관기구(비닐봉지) 이용 폐기물 투기
덕진구,2022-02-03,,덕진구 인후동1가 787,쓰레기 무단투기
완산구,2022-02-03,,다가동3가 73-6,휴대하고 있는 폐기물(담배꽁초 등) 투기
덕진구,2022-02-02,12:06:00,"덕진구 인교로 52, 썸타임 부근",간이보관기구(비닐봉지) 이용 폐기물 투기
덕진구,2022-02-01,14:30:00,"덕진구 아중천1길 34, 산정어린이공원 부근",운반장비(차량 등) 이용 폐기물 투기
덕진구,2022-02-01,17:31:00,"덕진구 사평로 70, 덕진광장 부근",휴대하고 있는 폐기물(담배꽁초 등) 투기
덕진구,2022-01-31,11:08:00,"덕진구 와룡로 92, 이조곰탕 부근",간이보관기구(비닐봉지) 이용 폐기물 투기
덕진구,2022-01-31,,덕진구 인후동1가 781-5,쓰레기 무단투기
덕진구,2022-01-31,,덕진구 진북동 322-74,쓰레기 무단투기
덕진구,2022-01-31,,덕진구 인후동1가 771-14,쓰레기 무단투기
덕진구,2022-01-31,,덕진구 인후동1가 771-17,쓰레기 무단투기
덕진구,2022-01-31,,덕진구 인후동1가 625-6,쓰레기 무단투기
덕진구,2022-01-31,,덕진구 인후동1가 463,쓰레기 무단투기
덕진구,2022-01-31,,덕진구 인후동1가 1003,쓰레기 무단투기
덕진구,2022-01-30,13:20:00,"덕진구 삼송1길 4, 전북대 신정문 부근",휴대하고 있는 폐기물(담배꽁초 등) 투기
완산구,2022-01-28,14:59:00,어은터널 사거리 부근,휴대하고 있는 폐기물(담배꽁초 등) 투기
덕진구,2022-01-28,,덕진구 인후동1가 798,쓰레기 무단투기
덕진구,2022-01-27,,덕진구 인후동1가 787,쓰레기 무단투기
덕진구,2022-01-27,,덕진구 인후동1가 727-101,쓰레기 무단투기
덕진구,2022-01-26,,덕진구 인후동1가 625,쓰레기 무단투기
덕진구,2022-01-26,,덕진구 인후동1가 727-101,쓰레기 무단투기
덕진구,2022-01-26,,덕진구 인후동1가 625,쓰레기 무단투기
완산구,2022-01-25,07:47:00, ,휴대하고 있는 폐기물(담배꽁초 등) 투기
덕진구,2022-01-25,,덕진구 인후동1가 772-9,쓰레기 무단투기
덕진구,2022-01-25,,덕진구 인후동1가 773-15,쓰레기 무단투기
덕진구,2022-01-25,,덕진구 인후동1가 224-1,쓰레기 무단투기
덕진구,2022-01-25,,덕진구 인후동1가 16,쓰레기 무단투기
덕진구,2022-01-25,,덕진구 인후동1가 16,쓰레기 무단투기
완산구,2022-01-24,13:00:00,효자동2가 141-4 부근,휴대하고 있는 폐기물(담배꽁초 등) 투기
덕진구,2022-01-24,,덕진구 덕진동1가 1401-38,쓰레기 무단투기
덕진구,2022-01-24,,덕진구 인후동1가 191-2,쓰레기 무단투기
덕진구,2022-01-24,,덕진구 인후동1가 191-2,쓰레기 무단투기
덕진구,2022-01-24,,덕진구 인후동1가 780-1,쓰레기 무단투기
덕진구,2022-01-24,,덕진구 인후동1가 783-14,쓰레기 무단투기
덕진구,2022-01-24,,덕진구 인후동1가 776-1,쓰레기 무단투기
덕진구,2022-01-24,,덕진구 두간11길 3-22,쓰레기 무단투기
완산구,2022-01-24,,평화동 송정써미트 아파트,간이보관기구(비닐봉지) 이용 폐기물 투기
덕진구,2022-01-22,12:26:00,"덕진구 창포길 49-10, 전북대학교 국제컨벤션센터 부근",생활폐기물 소각
완산구,2022-01-22,15:40:00,서신동 807-2 부근,간이보관기구(비닐봉지) 이용 폐기물 투기
덕진구,2022-01-21,16:01:00,"덕진구 기린대로 336-4, 대성학원 부근",휴대하고 있는 폐기물(담배꽁초 등) 투기
덕진구,2022-01-20,,덕진구 인후동1가 778-12,쓰레기 무단투기
덕진구,2022-01-19,10:45:00,"덕진구 안덕원로 123, 모래내시장 부근",휴대하고 있는 폐기물(담배꽁초 등) 투기
완산구,2022-01-19,12:10:00,백제대로 259 부근,휴대하고 있는 폐기물(담배꽁초 등) 투기
완산구,2022-01-19,12:10:00,백제대로 259 부근,휴대하고 있는 폐기물(담배꽁초 등) 투기
덕진구,2022-01-19,17:10:00,"덕진구 상리4길 16, 대신냉방 부근",간이보관기구(비닐봉지) 이용 폐기물 투기
덕진구,2022-01-19,,덕진구 인후동1가 778-12,쓰레기 무단투기
덕진구,2022-01-19,,덕진구 인후동1가 778-12,쓰레기 무단투기
덕진구,2022-01-19,,덕진구 인후동1가 778-12,쓰레기 무단투기
덕진구,2022-01-19,,덕진구 인후동1가 778-12,쓰레기 무단투기
덕진구,2022-01-19,,덕진구 인후동1가 1029,쓰레기 무단투기
완산구,2022-01-19,,서신동 878 부근,휴대하고 있는 폐기물(담배꽁초 등) 투기
덕진구,2022-01-18,13:06:00,"덕진구 반월동 624-21, 반월교차로 부근",휴대하고 있는 폐기물(담배꽁초 등) 투기
덕진구,2022-01-17,08:24:00,덕진구 덕진동1가 산 39-6,휴대하고 있는 폐기물(담배꽁초 등) 투기
완산구,2022-01-17,13:15:00,평화동2가 228 부근,휴대하고 있는 폐기물(담배꽁초 등) 투기
덕진구,2022-01-17,14:19:00,"덕진구 견훤로 362, 북일초등학교 부근",휴대하고 있는 폐기물(담배꽁초 등) 투기
덕진구,2022-01-17,,덕진구 인후동1가 778-12,쓰레기 무단투기
덕진구,2022-01-17,,덕진구 인후동1가 727-101,쓰레기 무단투기
덕진구,2022-01-17,,덕진구 인후동1가 774-1,쓰레기 무단투기
덕진구,2022-01-17,,덕진구 인후동1가 727-101,쓰레기 무단투기
덕진구,2022-01-17,,덕진구 인후동1가 778-12,쓰레기 무단투기
덕진구,2022-01-15,19:00:00,"덕진구 백제대로 693,  조달청 부근",휴대하고 있는 폐기물(담배꽁초 등) 투기
덕진구,2022-01-15,,덕진구 인후동1가 778-12,쓰레기 무단투기
덕진구,2022-01-15,,덕진구 인후동1가 778-12,쓰레기 무단투기
완산구,2022-01-14,15:10:00,중화산동2가 676 부근,간이보관기구(비닐봉지) 이용 폐기물 투기
덕진구,2022-01-14,,덕진구 인후동1가 778-12,쓰레기 무단투기
덕진구,2022-01-14,,덕진구 인후동1가 778-12,쓰레기 무단투기
완산구,2022-01-13,11:01:00,삼천동1가 302-9 부근,휴대하고 있는 폐기물(담배꽁초 등) 투기
완산구,2022-01-13,14:13:00,삼천동 세경아파트 ,간이보관기구(비닐봉지) 이용 폐기물 투기
완산구,2022-01-13,17:53:00,효자동3가 1781 부근,휴대하고 있는 폐기물(담배꽁초 등) 투기
덕진구,2022-01-13,,덕진구 인후동1가 778-12,쓰레기 무단투기
덕진구,2022-01-13,,덕진구 인후동1가 778-12,쓰레기 무단투기
덕진구,2022-01-13,,덕진구 인후동1가 778-12,쓰레기 무단투기
덕진구,2022-01-13,,덕진구 인후동1가 778-12,쓰레기 무단투기
덕진구,2022-01-13,,덕진구 인후동1가 778-12,쓰레기 무단투기
덕진구,2022-01-13,,덕진구 인후동1가 778-12,쓰레기 무단투기
덕진구,2022-01-10,09:19:00,"덕진구 세병서로 10, 79파운야드 부근",휴대하고 있는 폐기물(담배꽁초 등) 투기
전주시,2022-01-10,15:36:00,선너머3길 부근,간이보관기구(비닐봉지) 이용 폐기물 투기
완산구,2022-01-10,,전주만성법원 부근,간이보관기구(비닐봉지) 이용 폐기물 투기
전주시,2022-01-10,,전주만성법원 부근,간이보관기구(비닐봉지) 이용 폐기물 투기
전주시,2022-01-09,14:20:00,고려병원 사거리,휴대하고 있는 폐기물(담배꽁초 등) 투기
전주시,2022-01-09,14:39:00,금암동 1609 부근,휴대하고 있는 폐기물(담배꽁초 등) 투기
전주시,2022-01-08,12:17:00,송천동2가 454-4 부근,휴대하고 있는 폐기물(담배꽁초 등) 투기
전주시,2022-01-08,23:00:00,오두정길 4 부근,휴대하고 있는 폐기물(담배꽁초 등) 투기
전주시,2022-01-04,15:03:00,신협주유소 부근,휴대하고 있는 폐기물(담배꽁초 등) 투기
전주시,2022-01-04,17:57:00,효자동3가 1778 부근,휴대하고 있는 폐기물(담배꽁초 등) 투기
전주시,2022-01-04,18:46:00,GS은일주유소 부근,휴대하고 있는 폐기물(담배꽁초 등) 투기
전주시,2022-01-03,09:43:00,광진목화아파트 부근,간이보관기구(비닐봉지) 이용 폐기물 투기
전주시,2022-01-03,15:22:00,서서학동 338-2,휴대하고 있는 폐기물(담배꽁초 등) 투기
덕진구,2022-01-03,,전라북도 전주시 덕진구 인후동1가 510-9,간이보관기구(비닐봉지) 이용 폐기물 투기
전주시,2022-01-02,13:18:00,문학대5길 21-4 부근,휴대하고 있는 폐기물(담배꽁초 등) 투기
전주시,2022-01-01,11:51:00,덕진동2가 695-2,휴대하고 있는 폐기물(담배꽁초 등) 투기
전주시,2021-12-30,10:30:00,매암마을 주차장 부근,간이보관기구(비닐봉지) 이용 폐기물 투기
전주시,2021-12-29,13:44:00,효자동3가 1045-24,휴대하고 있는 폐기물(담배꽁초 등) 투기
전주시,2021-12-29,14:05:00,여의동 1214-7,휴대하고 있는 폐기물(담배꽁초 등) 투기
전주시,2021-12-29,15:32:00,효자동1가 410-44,휴대하고 있는 폐기물(담배꽁초 등) 투기
전주시,2021-12-29,15:33:00,인후동1가 786 부근,휴대하고 있는 폐기물(담배꽁초 등) 투기
전주시,2021-12-28,20:39:00,전주천동로 부근,휴대하고 있는 폐기물(담배꽁초 등) 투기
전주시,2021-12-28,20:39:00,전주천동로 부근,휴대하고 있는 폐기물(담배꽁초 등) 투기
전주시,2021-12-28,,삼산마을 입구 부근,간이보관기구(비닐봉지) 이용 폐기물 투기
전주시,2021-12-28,,메너머2길 부근,간이보관기구(비닐봉지) 이용 폐기물 투기
전주시,2021-12-27,15:30:00,여의동 649-12 부근,휴대하고 있는 폐기물(담배꽁초 등) 투기
전주시,2021-12-27,15:30:00,여의동 649-12 부근,휴대하고 있는 폐기물(담배꽁초 등) 투기
전주시,2021-12-27,20:27:00,삼례IC 부근,휴대하고 있는 폐기물(담배꽁초 등) 투기
전주시,2021-12-26,08:37:00,서신동 916 부근,휴대하고 있는 폐기물(담배꽁초 등) 투기
전주시,2021-12-24,08:31:00,진북동 1091-18 부근,휴대하고 있는 폐기물(담배꽁초 등) 투기
전주시,2021-12-24,15:01:00,산정동 824,휴대하고 있는 폐기물(담배꽁초 등) 투기
전주시,2021-12-22,16:53:00,동부대로 431 부근,간이보관기구(비닐봉지) 이용 폐기물 투기
전주시,2021-12-18,23:15:00,용신길 19-3,간이보관기구(비닐봉지) 이용 폐기물 투기
전주시,2021-12-16,12:20:00,가재미2길 12부근,간이보관기구(비닐봉지) 이용 폐기물 투기
전주시,2021-12-14,11:22:00,강흥동 124-2 부근,간이보관기구(비닐봉지) 이용 폐기물 투기
전주시,2021-12-13,12:53:00,팔복동1가 383-14부근,휴대하고 있는 폐기물(담배꽁초 등) 투기
완산구,2021-12-10,07:40:00,서신동 217-25 부근,간이보관기구(비닐봉지) 이용 폐기물 투기
전주시,2021-12-10,18:55:00,팔복동2가 800부근,휴대하고 있는 폐기물(담배꽁초 등) 투기
전주시,2021-12-08,15:42:00,인후동2가 1596부근,휴대하고 있는 폐기물(담배꽁초 등) 투기
전주시,2021-12-08,,호반5길 부근,간이보관기구(비닐봉지) 이용 폐기물 투기
전주시,2021-12-04,,서가재미2길 6-5 ,운반장비(차량 등) 이용 폐기물 투기
전주시,2021-12-01,22:00:00,진북 우성아파트,간이보관기구(비닐봉지) 이용 폐기물 투기
전주시,2021-12-01,,태진로 101 부근,간이보관기구(비닐봉지) 이용 폐기물 투기
전주시,2021-11-30,05:14:00,인후동1가 786 부근,간이보관기구(비닐봉지) 이용 폐기물 투기
전주시,2021-11-25,10:16:00,송천동1가 101-9 부근,운반장비(차량 등) 이용 폐기물 투기
전주시,2021-11-25,10:16:00,송천동1가 101-9 부근,운반장비(차량 등) 이용 폐기물 투기
전주시,2021-11-25,18:34:00,팔복동3가 산 253-4 부근,휴대하고 있는 폐기물(담배꽁초 등) 투기
전주시,2021-11-23,11:27:00,부동길 4 부근,운반장비(차량 등) 이용 폐기물 투기
전주시,2021-11-23,13:39:00,용신길 105 부근,간이보관기구(비닐봉지) 이용 폐기물 투기
전주시,2021-11-23,14:15:00,팽나무5길 12-3 부근,간이보관기구(비닐봉지) 이용 폐기물 투기
전주시,2021-11-22,07:34:00,아중대우1차 101동 부근,간이보관기구(비닐봉지) 이용 폐기물 투기
전주시,2021-11-22,11:20:00,동계1길 59 부근,간이보관기구(비닐봉지) 이용 폐기물 투기
전주시,2021-11-20,13:05:00,호성진흥더블파크부근,운반장비(차량 등) 이용 폐기물 투기
전주시,2021-11-20,18:22:00,송천동2가 산 24-2 부근,휴대하고 있는 폐기물(담배꽁초 등) 투기
전주시,2021-11-19,08:11:00,반월2차 LH아파트 부근,간이보관기구(비닐봉지) 이용 폐기물 투기
전주시,2021-11-19,13:45:00,솔내7길39-4부근,간이보관기구(비닐봉지) 이용 폐기물 투기
전주시,2021-11-17,08:03:00,송천역 네거리 부근,휴대하고 있는 폐기물(담배꽁초 등) 투기
전주시,2021-11-17,17:44:00,두간11길 3-22 부근,운반장비(차량 등) 이용 폐기물 투기
전주시,2021-11-16,13:01:00,진북동320-6 부근,휴대하고 있는 폐기물(담배꽁초 등) 투기
전주시,2021-11-14,13:28:00,번영로 214 부근,간이보관기구(비닐봉지) 이용 폐기물 투기
전주시,2021-11-13,08:39:00,초포다리로 109-1 부근,운반장비(차량 등) 이용 폐기물 투기
전주시,2021-11-11,20:59:00,동가재미1길 6-18 부근,간이보관기구(비닐봉지) 이용 폐기물 투기
전주시,2021-11-08,14:25:00,송천중앙로 136,휴대하고 있는 폐기물(담배꽁초 등) 투기
전주시,2021-11-06,13:36:00,호성동1가 897-20 부근,휴대하고 있는 폐기물(담배꽁초 등) 투기
전주시,2021-11-06,20:19:00,"호성주공1,2차아파트 부근",간이보관기구(비닐봉지) 이용 폐기물 투기
전주시,2021-11-05,16:25:00,호성동1가 904 부근,운반장비(차량 등) 이용 폐기물 투기
전주시,2021-11-05,16:27:00,초포다리로 109-1 부근,운반장비(차량 등) 이용 폐기물 투기
전주시,2021-11-04,17:40:00,아중지하보도 부근,휴대하고 있는 폐기물(담배꽁초 등) 투기
전주시,2021-11-04,19:36:00,모래내4길 8-8 부근,간이보관기구(비닐봉지) 이용 폐기물 투기
전주시,2021-11-04,19:45:00,모래내4길 8-8 부근,간이보관기구(비닐봉지) 이용 폐기물 투기
전주시,2021-10-31,14:13:00,금암동 796 부근,운반장비(차량 등) 이용 폐기물 투기
전주시,2021-10-31,17:29:00,인후동2가 228-11 부근,휴대하고 있는 폐기물(담배꽁초 등) 투기
전주시,2021-10-30,07:41:00,덕진동1가 659 부근,휴대하고 있는 폐기물(담배꽁초 등) 투기
전주시,2021-10-29,02:08:00,팽나무5길 12-3 부근,간이보관기구(비닐봉지) 이용 폐기물 투기
전주시,2021-10-29,14:02:00,송동물병원 사거리 부근,휴대하고 있는 폐기물(담배꽁초 등) 투기
전주시,2021-10-27,10:08:00,팽나무5길 12-3 부근,간이보관기구(비닐봉지) 이용 폐기물 투기
전주시,2021-10-26,19:04:00,송천동2가 1082-13,휴대하고 있는 폐기물(담배꽁초 등) 투기
전주시,2021-10-24,12:31:00,인후동1가 982 부근,휴대하고 있는 폐기물(담배꽁초 등) 투기
전주시,2021-10-21,05:20:00,처,간이보관기구(비닐봉지) 이용 폐기물 투기
전주시,2021-10-21,20:04:00,거북바우로 45 부근,간이보관기구(비닐봉지) 이용 폐기물 투기
전주시,2021-10-19,16:45:00,덕진동2가 247 부근,휴대하고 있는 폐기물(담배꽁초 등) 투기
전주시,2021-10-14,,인후동1가 842-3 부근,간이보관기구(비닐봉지) 이용 폐기물 투기
전주시,2021-10-14,,송정로 15-15 부근,간이보관기구(비닐봉지) 이용 폐기물 투기
전주시,2021-10-14,,송정로 15-15 부근,간이보관기구(비닐봉지) 이용 폐기물 투기
전주시,2021-10-14,,송정로 15-15 부근,간이보관기구(비닐봉지) 이용 폐기물 투기
전주시,2021-10-14,,송정로 15-15 부근,간이보관기구(비닐봉지) 이용 폐기물 투기
전주시,2021-10-13,18:42:00,금암동 767-2 부근,휴대하고 있는 폐기물(담배꽁초 등) 투기
전주시,2021-10-12,07:06:00,신동초 부근,휴대하고 있는 폐기물(담배꽁초 등) 투기
전주시,2021-10-09,20:08:00,우아동2가 923-2,휴대하고 있는 폐기물(담배꽁초 등) 투기
전주시,2021-10-07,17:14:00,만성동 1260-1 부근,휴대하고 있는 폐기물(담배꽁초 등) 투기
전주시,2021-10-07,17:14:00,만성동 1260-1 부근,휴대하고 있는 폐기물(담배꽁초 등) 투기
전주시,2021-10-07,21:02:00,선너머근린공원 부근,간이보관기구(비닐봉지) 이용 폐기물 투기
전주시,2021-10-06,14:02:00,여의동 1229-1 부근,휴대하고 있는 폐기물(담배꽁초 등) 투기
전주시,2021-09-30,08:36:00,인후동1가 893-1 부근,간이보관기구(비닐봉지) 이용 폐기물 투기
전주시,2021-09-30,21:36:00,상거마4길 21-14 부근,간이보관기구(비닐봉지) 이용 폐기물 투기
전주시,2021-09-29,13:57:00,인후동1가 893-1 부근,간이보관기구(비닐봉지) 이용 폐기물 투기
전주시,2021-09-29,14:36:00,전북도립여성중고등학교 부근,휴대하고 있는 폐기물(담배꽁초 등) 투기
전주시,2021-09-29,,팽나무4길 공영주차장 부근,간이보관기구(비닐봉지) 이용 폐기물 투기
전주시,2021-09-29,,팽나무4길 공영주차장 부근,간이보관기구(비닐봉지) 이용 폐기물 투기
전주시,2021-09-28,04:09:00,산정동 857-11 부근,간이보관기구(비닐봉지) 이용 폐기물 투기
전주시,2021-09-25,15:15:00,팔달로 373-1 부근,간이보관기구(비닐봉지) 이용 폐기물 투기
전주시,2021-09-24,12:49:00,아중롯데A 교차로,휴대하고 있는 폐기물(담배꽁초 등) 투기
전주시,2021-09-21,15:55:00,완산구 석구동 부근,휴대하고 있는 폐기물(담배꽁초 등) 투기
전주시,2021-09-20,11:45:00,인후동2가 1606 부근,휴대하고 있는 폐기물(담배꽁초 등) 투기
전주시,2021-09-17,07:42:00,장동 531-8 부근,휴대하고 있는 폐기물(담배꽁초 등) 투기
전주시,2021-09-16,17:28:00,덕진동1가 1442 부근,휴대하고 있는 폐기물(담배꽁초 등) 투기
전주시,2021-09-15,07:07:00,전미동1가 873-10 부근,휴대하고 있는 폐기물(담배꽁초 등) 투기
전주시,2021-09-14,09:24:00,인후동1가 806-5,휴대하고 있는 폐기물(담배꽁초 등) 투기
전주시,2021-09-13,10:21:00,인후동1가 893-1 부근,간이보관기구(비닐봉지) 이용 폐기물 투기
전주시,2021-09-12,14:14:00,우아동2가 967 부근,휴대하고 있는 폐기물(담배꽁초 등) 투기
전주시,2021-09-12,18:59:00,금암동 667-5 부근,휴대하고 있는 폐기물(담배꽁초 등) 투기
전주시,2021-09-12,,만성동 1416 부근,휴대하고 있는 폐기물(담배꽁초 등) 투기
전주시,2021-09-12,,호성동2가 631-33 부근,휴대하고 있는 폐기물(담배꽁초 등) 투기
전주시,2021-09-11,08:20:00,난전들로 156-60 부근,간이보관기구(비닐봉지) 이용 폐기물 투기
전주시,2021-09-06,18:52:00,팔복동3가 55-1 부근,휴대하고 있는 폐기물(담배꽁초 등) 투기
전주시,2021-09-06,18:52:00,팔복동3가 55-1 부근,휴대하고 있는 폐기물(담배꽁초 등) 투기
전주시,2021-09-05,13:30:00,팔복동2가 798 부근,휴대하고 있는 폐기물(담배꽁초 등) 투기
전주시,2021-09-05,14:49:00,부동길 4 부근,간이보관기구(비닐봉지) 이용 폐기물 투기
전주시,2021-09-04,18:30:00,진북동 1169 부근,휴대하고 있는 폐기물(담배꽁초 등) 투기
전주시,2021-09-03,,인후동1가 507-2 부근,간이보관기구(비닐봉지) 이용 폐기물 투기
전주시,2021-09-02,07:57:00,장재길6 부근,간이보관기구(비닐봉지) 이용 폐기물 투기
전주시,2021-09-02,12:48:00,금암동 728-168,휴대하고 있는 폐기물(담배꽁초 등) 투기
전주시,2021-09-02,15:04:00,번영로 214 부근,간이보관기구(비닐봉지) 이용 폐기물 투기
전주시,2021-09-01,08:51:00,인후동2가 261-3 부근,휴대하고 있는 폐기물(담배꽁초 등) 투기
전주시,2021-09-01,13:22:00,부동길 4 부근,간이보관기구(비닐봉지) 이용 폐기물 투기
전주시,2021-08-31,11:35:00,서신동 947-2 부근,간이보관기구(비닐봉지) 이용 폐기물 투기
전주시,2021-08-31,18:20:00,중동 840 부근,휴대하고 있는 폐기물(담배꽁초 등) 투기
전주시,2021-08-31,,인후동2가 1570-24 부근,간이보관기구(비닐봉지) 이용 폐기물 투기
전주시,2021-08-26,,화산천변2길 15,간이보관기구(비닐봉지) 이용 폐기물 투기
전주시,2021-08-26,,건산로 81,휴대하고 있는 폐기물(담배꽁초 등) 투기
전주시,2021-08-26,,소대배기로 8-13 부근,휴대하고 있는 폐기물(담배꽁초 등) 투기
전주시,2021-08-25,,여산로 130-21 ,간이보관기구(비닐봉지) 이용 폐기물 투기
전주시,2021-08-24,12:34:00,우아로 50,간이보관기구(비닐봉지) 이용 폐기물 투기
전주시,2021-08-23,10:25:00,명주1길 23,휴대하고 있는 폐기물(담배꽁초 등) 투기
전주시,2021-08-22,09:50:00,팔복동2가 551-3부근,휴대하고 있는 폐기물(담배꽁초 등) 투기
전주시,2021-08-20,,송천동2가 159-6 부근,휴대하고 있는 폐기물(담배꽁초 등) 투기
전주시,2021-08-18,08:03:00,덕진구 산정동 903,휴대하고 있는 폐기물(담배꽁초 등) 투기
전주시,2021-08-17,06:08:00,덕진동2가 167-14,간이보관기구(비닐봉지) 이용 폐기물 투기
전주시,2021-08-17,15:00:00,전주에서 익산방면,휴대하고 있는 폐기물(담배꽁초 등) 투기
전주시,2021-08-15,11:03:00,모래내시장 주변 교차로,휴대하고 있는 폐기물(담배꽁초 등) 투기
전주시,2021-08-15,11:03:00,모래내시장 주변 교차로,휴대하고 있는 폐기물(담배꽁초 등) 투기
전주시,2021-08-15,11:52:00,덕진구 중동 812,휴대하고 있는 폐기물(담배꽁초 등) 투기
전주시,2021-08-15,11:52:00,덕진구 중동 812,휴대하고 있는 폐기물(담배꽁초 등) 투기
전주시,2021-08-15,12:16:00,용계길 1,간이보관기구(비닐봉지) 이용 폐기물 투기
전주시,2021-08-15,17:51:00,용계길 1,간이보관기구(비닐봉지) 이용 폐기물 투기
전주시,2021-08-13,08:29:00,에코시티 데시앙 14블럭 인근,휴대하고 있는 폐기물(담배꽁초 등) 투기
전주시,2021-08-13,11:07:00,전주역 마중길 부근,휴대하고 있는 폐기물(담배꽁초 등) 투기
전주시,2021-08-13,17:10:00,팔복동2가 597-3,휴대하고 있는 폐기물(담배꽁초 등) 투기
전주시,2021-08-12,,두간11길 15-1,간이보관기구(비닐봉지) 이용 폐기물 투기
전주시,2021-08-12,,두간11길 15-1,간이보관기구(비닐봉지) 이용 폐기물 투기
전주시,2021-08-11,12:00:00,대창하이빌 아파트 단지내,간이보관기구(비닐봉지) 이용 폐기물 투기
전주시,2021-08-09,14:47:00,명주1길 22,휴대하고 있는 폐기물(담배꽁초 등) 투기
전주시,2021-08-09,14:47:00,명주1길 22,휴대하고 있는 폐기물(담배꽁초 등) 투기
전주시,2021-08-07,12:42:00,송천동2가 159-27,휴대하고 있는 폐기물(담배꽁초 등) 투기
전주시,2021-08-06,13:13:00,매봉12길 16-2,간이보관기구(비닐봉지) 이용 폐기물 투기
전주시,2021-07-30,,붓내5길 인근,간이보관기구(비닐봉지) 이용 폐기물 투기
전주시,2021-07-27,06:05:00,덕진동2가 167-48,간이보관기구(비닐봉지) 이용 폐기물 투기
전주시,2021-07-26,17:21:00,진북동 1091-5,휴대하고 있는 폐기물(담배꽁초 등) 투기
전주시,2021-07-21,13:36:00,덕진동2가 693-3,휴대하고 있는 폐기물(담배꽁초 등) 투기
전주시,2021-07-13,18:35:00,덕진구 만성동 1139,휴대하고 있는 폐기물(담배꽁초 등) 투기
전주시,2021-07-12,06:49:00,송천동1가 689-3,휴대하고 있는 폐기물(담배꽁초 등) 투기
전주시,2021-07-10,06:49:00,덕진동1가 1442,휴대하고 있는 폐기물(담배꽁초 등) 투기
전주시,2021-07-10,12:45:00,팔복동2가 63-100,휴대하고 있는 폐기물(담배꽁초 등) 투기
전주시,2021-07-07,17:55:00,세병로 174-10 부근,간이보관기구(비닐봉지) 이용 폐기물 투기
전주시,2021-07-04,18:03:00,진북동 434,간이보관기구(비닐봉지) 이용 폐기물 투기
전주시,2021-06-08,,석소로 20,간이보관기구(비닐봉지) 이용 폐기물 투기
